,jd,ssn
1749-07-01,2360050.0,135.9
1749-08-01,2360082.0,137.9
1749-09-01,2360112.0,140.2
1749-10-01,2360142.0,143.8
1749-11-01,2360174.0,146.4
1749-12-01,2360204.0,147.9
1750-01-01,2360234.0,148.4
1750-02-01,2360266.0,150.3
1750-03-01,2360294.0,153.9
1750-04-01,2360324.0,154.3
1750-05-01,2360354.0,147.0
1750-06-01,2360386.0,139.7
1750-07-01,2360416.0,138.8
1750-08-01,2360446.0,136.3
1750-09-01,2360478.0,131.0
1750-10-01,2360508.0,125.7
1750-11-01,2360538.0,121.5
1750-12-01,2360568.0,116.0
1751-01-01,2360600.0,111.3
1751-02-01,2360630.0,106.9
1751-03-01,2360658.0,99.2
1751-04-01,2360690.0,91.6
1751-05-01,2360720.0,86.2
1751-06-01,2360750.0,81.6
1751-07-01,2360780.0,77.0
1751-08-01,2360812.0,75.0
1751-09-01,2360842.0,77.3
1751-10-01,2360872.0,79.2
1751-11-01,2360904.0,79.4
1751-12-01,2360934.0,78.5
1752-01-01,2360964.0,78.6
1752-02-01,2360996.0,77.3
1752-03-01,2361024.0,75.5
1752-04-01,2361056.0,77.3
1752-05-01,2361086.0,79.6
1752-06-01,2361116.0,79.9
1752-07-01,2361146.0,80.3
1752-08-01,2361178.0,79.7
1752-09-01,2361208.0,76.7
1752-10-01,2361238.0,73.4
1752-11-01,2361270.0,70.3
1752-12-01,2361300.0,68.1
1753-01-01,2361330.0,63.6
1753-02-01,2361362.0,60.4
1753-03-01,2361390.0,61.1
1753-04-01,2361420.0,59.7
1753-05-01,2361450.0,57.0
1753-06-01,2361482.0,53.4
1753-07-01,2361512.0,48.1
1753-08-01,2361542.0,43.0
1753-09-01,2361574.0,37.9
1753-10-01,2361604.0,33.2
1753-11-01,2361634.0,30.4
1753-12-01,2361664.0,29.0
1754-01-01,2361696.0,28.5
1754-02-01,2361726.0,26.4
1754-03-01,2361754.0,23.2
1754-04-01,2361786.0,21.7
1754-05-01,2361816.0,21.2
1754-06-01,2361846.0,20.5
1754-07-01,2361876.0,21.1
1754-08-01,2361908.0,22.3
1754-09-01,2361938.0,23.3
1754-10-01,2361968.0,23.1
1754-11-01,2362000.0,21.2
1754-12-01,2362030.0,17.9
1755-01-01,2362060.0,15.3
1755-02-01,2362092.0,14.0
1755-03-01,2362120.0,14.0
1755-04-01,2362150.0,14.7
1755-05-01,2362180.0,14.2
1755-06-01,2362212.0,14.8
1755-07-01,2362242.0,16.1
1755-08-01,2362272.0,16.0
1755-09-01,2362304.0,15.6
1755-10-01,2362334.0,15.7
1755-11-01,2362364.0,16.8
1755-12-01,2362394.0,18.5
1756-01-01,2362426.0,19.1
1756-02-01,2362456.0,19.0
1756-03-01,2362486.0,18.8
1756-04-01,2362516.0,17.7
1756-05-01,2362546.0,17.7
1756-06-01,2362578.0,17.7
1756-07-01,2362608.0,17.1
1756-08-01,2362638.0,18.2
1756-09-01,2362670.0,20.6
1756-10-01,2362700.0,23.5
1756-11-01,2362730.0,26.7
1756-12-01,2362760.0,28.5
1757-01-01,2362792.0,29.9
1757-02-01,2362822.0,34.6
1757-03-01,2362850.0,39.6
1757-04-01,2362882.0,42.8
1757-05-01,2362912.0,47.4
1757-06-01,2362942.0,52.4
1757-07-01,2362972.0,55.7
1757-08-01,2363004.0,59.5
1757-09-01,2363034.0,63.2
1757-10-01,2363064.0,67.7
1757-11-01,2363096.0,71.2
1757-12-01,2363126.0,74.0
1758-01-01,2363156.0,77.6
1758-02-01,2363188.0,78.0
1758-03-01,2363216.0,78.7
1758-04-01,2363246.0,80.7
1758-05-01,2363276.0,79.5
1758-06-01,2363308.0,78.7
1758-07-01,2363338.0,80.1
1758-08-01,2363368.0,80.3
1758-09-01,2363400.0,79.6
1758-10-01,2363430.0,77.6
1758-11-01,2363460.0,76.1
1758-12-01,2363490.0,76.6
1759-01-01,2363522.0,77.4
1759-02-01,2363552.0,80.2
1759-03-01,2363580.0,83.5
1759-04-01,2363612.0,86.0
1759-05-01,2363642.0,87.8
1759-06-01,2363672.0,89.0
1759-07-01,2363702.0,91.3
1759-08-01,2363734.0,93.7
1759-09-01,2363764.0,96.7
1759-10-01,2363794.0,99.4
1759-11-01,2363826.0,101.8
1759-12-01,2363856.0,103.3
1760-01-01,2363886.0,104.2
1760-02-01,2363918.0,105.5
1760-03-01,2363946.0,104.7
1760-04-01,2363978.0,103.0
1760-05-01,2364008.0,103.3
1760-06-01,2364038.0,104.5
1760-07-01,2364068.0,105.0
1760-08-01,2364100.0,107.3
1760-09-01,2364130.0,109.9
1760-10-01,2364160.0,111.3
1760-11-01,2364192.0,114.7
1760-12-01,2364222.0,120.7
1761-01-01,2364252.0,126.1
1761-02-01,2364284.0,129.2
1761-03-01,2364312.0,133.0
1761-04-01,2364342.0,138.4
1761-05-01,2364372.0,143.1
1761-06-01,2364404.0,144.1
1761-07-01,2364434.0,141.3
1761-08-01,2364464.0,138.2
1761-09-01,2364496.0,134.5
1761-10-01,2364526.0,131.3
1761-11-01,2364556.0,125.8
1761-12-01,2364586.0,119.6
1762-01-01,2364618.0,113.8
1762-02-01,2364648.0,108.0
1762-03-01,2364676.0,104.2
1762-04-01,2364708.0,100.6
1762-05-01,2364738.0,98.4
1762-06-01,2364768.0,99.7
1762-07-01,2364798.0,102.8
1762-08-01,2364830.0,100.8
1762-09-01,2364860.0,97.2
1762-10-01,2364890.0,94.5
1762-11-01,2364922.0,92.1
1762-12-01,2364952.0,88.8
1763-01-01,2364982.0,87.3
1763-02-01,2365014.0,85.9
1763-03-01,2365042.0,83.0
1763-04-01,2365072.0,81.3
1763-05-01,2365102.0,78.6
1763-06-01,2365134.0,76.3
1763-07-01,2365164.0,75.4
1763-08-01,2365194.0,77.6
1763-09-01,2365226.0,79.9
1763-10-01,2365256.0,80.4
1763-11-01,2365286.0,81.3
1763-12-01,2365316.0,81.7
1764-01-01,2365348.0,79.7
1764-02-01,2365378.0,78.2
1764-03-01,2365408.0,75.7
1764-04-01,2365438.0,71.7
1764-05-01,2365468.0,68.0
1764-06-01,2365500.0,63.1
1764-07-01,2365530.0,58.1
1764-08-01,2365560.0,53.3
1764-09-01,2365592.0,49.9
1764-10-01,2365622.0,48.0
1764-11-01,2365652.0,45.4
1764-12-01,2365682.0,43.1
1765-01-01,2365714.0,42.2
1765-02-01,2365744.0,41.9
1765-03-01,2365772.0,41.1
1765-04-01,2365804.0,39.2
1765-05-01,2365834.0,37.4
1765-06-01,2365864.0,35.7
1765-07-01,2365894.0,34.0
1765-08-01,2365926.0,32.1
1765-09-01,2365956.0,31.9
1765-10-01,2365986.0,31.6
1765-11-01,2366018.0,30.9
1765-12-01,2366048.0,30.2
1766-01-01,2366078.0,27.4
1766-02-01,2366110.0,24.0
1766-03-01,2366138.0,21.4
1766-04-01,2366168.0,19.9
1766-05-01,2366198.0,18.7
1766-06-01,2366230.0,18.6
1766-07-01,2366260.0,20.1
1766-08-01,2366290.0,22.5
1766-09-01,2366322.0,24.2
1766-10-01,2366352.0,26.6
1766-11-01,2366382.0,28.6
1766-12-01,2366412.0,30.9
1767-01-01,2366444.0,34.3
1767-02-01,2366474.0,38.2
1767-03-01,2366502.0,43.4
1767-04-01,2366534.0,48.8
1767-05-01,2366564.0,54.9
1767-06-01,2366594.0,60.7
1767-07-01,2366624.0,64.9
1767-08-01,2366656.0,69.2
1767-09-01,2366686.0,71.9
1767-10-01,2366716.0,72.8
1767-11-01,2366748.0,76.8
1767-12-01,2366778.0,83.2
1768-01-01,2366808.0,88.4
1768-02-01,2366840.0,92.4
1768-03-01,2366868.0,96.4
1768-04-01,2366900.0,101.0
1768-05-01,2366930.0,105.8
1768-06-01,2366960.0,112.4
1768-07-01,2366990.0,117.8
1768-08-01,2367022.0,119.1
1768-09-01,2367052.0,120.2
1768-10-01,2367082.0,125.2
1768-11-01,2367114.0,128.7
1768-12-01,2367144.0,129.6
1769-01-01,2367174.0,135.4
1769-02-01,2367206.0,143.7
1769-03-01,2367234.0,152.5
1769-04-01,2367264.0,163.2
1769-05-01,2367294.0,172.8
1769-06-01,2367326.0,176.8
1769-07-01,2367356.0,178.9
1769-08-01,2367386.0,186.4
1769-09-01,2367418.0,193.0
1769-10-01,2367448.0,190.9
1769-11-01,2367478.0,187.5
1769-12-01,2367508.0,186.5
1770-01-01,2367540.0,185.1
1770-02-01,2367570.0,184.9
1770-03-01,2367598.0,182.2
1770-04-01,2367630.0,175.3
1770-05-01,2367660.0,170.4
1770-06-01,2367690.0,168.7
1770-07-01,2367720.0,163.3
1770-08-01,2367752.0,151.9
1770-09-01,2367782.0,142.9
1770-10-01,2367812.0,141.5
1770-11-01,2367844.0,148.2
1770-12-01,2367874.0,156.5
1771-01-01,2367904.0,156.1
1771-02-01,2367936.0,148.4
1771-03-01,2367964.0,143.5
1771-04-01,2367994.0,142.3
1771-05-01,2368024.0,139.1
1771-06-01,2368056.0,136.4
1771-07-01,2368086.0,140.5
1771-08-01,2368116.0,148.1
1771-09-01,2368148.0,150.1
1771-10-01,2368178.0,150.9
1771-11-01,2368208.0,144.8
1771-12-01,2368238.0,132.5
1772-01-01,2368270.0,128.9
1772-02-01,2368300.0,129.4
1772-03-01,2368330.0,125.7
1772-04-01,2368360.0,121.4
1772-05-01,2368390.0,117.9
1772-06-01,2368422.0,113.0
1772-07-01,2368452.0,107.6
1772-08-01,2368482.0,100.1
1772-09-01,2368514.0,97.2
1772-10-01,2368544.0,94.5
1772-11-01,2368574.0,90.6
1772-12-01,2368604.0,88.8
1773-01-01,2368636.0,83.4
1773-02-01,2368666.0,76.9
1773-03-01,2368694.0,72.4
1773-04-01,2368726.0,67.3
1773-05-01,2368756.0,62.3
1773-06-01,2368786.0,59.4
1773-07-01,2368816.0,57.4
1773-08-01,2368848.0,59.4
1773-09-01,2368878.0,62.2
1773-10-01,2368908.0,63.3
1773-11-01,2368940.0,64.8
1773-12-01,2368970.0,65.5
1774-01-01,2369000.0,64.8
1774-02-01,2369032.0,63.7
1774-03-01,2369060.0,61.8
1774-04-01,2369090.0,59.4
1774-05-01,2369120.0,56.9
1774-06-01,2369152.0,53.2
1774-07-01,2369182.0,48.1
1774-08-01,2369212.0,40.6
1774-09-01,2369244.0,33.0
1774-10-01,2369274.0,27.7
1774-11-01,2369304.0,22.1
1774-12-01,2369334.0,17.7
1775-01-01,2369366.0,15.4
1775-02-01,2369396.0,14.4
1775-03-01,2369424.0,14.1
1775-04-01,2369456.0,13.2
1775-05-01,2369486.0,12.5
1775-06-01,2369516.0,12.0
1775-07-01,2369546.0,12.9
1775-08-01,2369578.0,14.9
1775-09-01,2369608.0,15.3
1775-10-01,2369638.0,15.7
1775-11-01,2369670.0,16.9
1775-12-01,2369700.0,17.9
1776-01-01,2369730.0,18.4
1776-02-01,2369762.0,19.5
1776-03-01,2369790.0,21.5
1776-04-01,2369822.0,24.1
1776-05-01,2369852.0,27.2
1776-06-01,2369882.0,30.8
1776-07-01,2369912.0,34.7
1776-08-01,2369944.0,38.0
1776-09-01,2369974.0,42.0
1776-10-01,2370004.0,49.4
1776-11-01,2370036.0,59.3
1776-12-01,2370066.0,68.4
1777-01-01,2370096.0,79.2
1777-02-01,2370128.0,91.8
1777-03-01,2370156.0,104.9
1777-04-01,2370186.0,117.1
1777-05-01,2370216.0,130.2
1777-06-01,2370248.0,146.0
1777-07-01,2370278.0,163.4
1777-08-01,2370308.0,177.6
1777-09-01,2370340.0,189.3
1777-10-01,2370370.0,199.3
1777-11-01,2370400.0,213.7
1777-12-01,2370430.0,231.1
1778-01-01,2370462.0,241.4
1778-02-01,2370492.0,247.4
1778-03-01,2370520.0,253.2
1778-04-01,2370552.0,260.5
1778-05-01,2370582.0,264.3
1778-06-01,2370612.0,260.9
1778-07-01,2370642.0,252.9
1778-08-01,2370674.0,252.5
1778-09-01,2370704.0,255.3
1778-10-01,2370734.0,254.2
1778-11-01,2370766.0,247.3
1778-12-01,2370796.0,236.4
1779-01-01,2370826.0,231.7
1779-02-01,2370858.0,229.1
1779-03-01,2370886.0,222.9
1779-04-01,2370916.0,216.5
1779-05-01,2370946.0,211.7
1779-06-01,2370978.0,209.5
1779-07-01,2371008.0,206.8
1779-08-01,2371038.0,199.0
1779-09-01,2371070.0,192.9
1779-10-01,2371100.0,188.0
1779-11-01,2371130.0,182.3
1779-12-01,2371160.0,178.2
1780-01-01,2371192.0,172.5
1780-02-01,2371222.0,166.7
1780-03-01,2371252.0,163.7
1780-04-01,2371282.0,159.2
1780-05-01,2371312.0,152.2
1780-06-01,2371344.0,144.9
1780-07-01,2371374.0,143.3
1780-08-01,2371404.0,143.7
1780-09-01,2371436.0,139.0
1780-10-01,2371466.0,134.0
1780-11-01,2371496.0,131.9
1780-12-01,2371526.0,132.4
1781-01-01,2371558.0,132.2
1781-02-01,2371588.0,130.0
1781-03-01,2371616.0,125.6
1781-04-01,2371648.0,119.2
1781-05-01,2371678.0,116.3
1781-06-01,2371708.0,115.1
1781-07-01,2371738.0,110.4
1781-08-01,2371770.0,104.7
1781-09-01,2371800.0,101.0
1781-10-01,2371830.0,98.0
1781-11-01,2371862.0,92.6
1781-12-01,2371892.0,85.0
1782-01-01,2371922.0,78.3
1782-02-01,2371954.0,74.2
1782-03-01,2371982.0,71.5
1782-04-01,2372012.0,70.0
1782-05-01,2372042.0,67.3
1782-06-01,2372074.0,64.5
1782-07-01,2372104.0,62.3
1782-08-01,2372134.0,60.6
1782-09-01,2372166.0,59.9
1782-10-01,2372196.0,58.3
1782-11-01,2372226.0,55.3
1782-12-01,2372256.0,52.2
1783-01-01,2372288.0,51.0
1783-02-01,2372318.0,49.0
1783-03-01,2372346.0,46.2
1783-04-01,2372378.0,44.1
1783-05-01,2372408.0,41.9
1783-06-01,2372438.0,39.4
1783-07-01,2372468.0,37.0
1783-08-01,2372500.0,33.8
1783-09-01,2372530.0,30.6
1783-10-01,2372560.0,28.2
1783-11-01,2372592.0,25.7
1783-12-01,2372622.0,23.4
1784-01-01,2372652.0,20.5
1784-02-01,2372684.0,18.0
1784-03-01,2372712.0,16.7
1784-04-01,2372744.0,16.2
1784-05-01,2372774.0,16.3
1784-06-01,2372804.0,16.7
1784-07-01,2372834.0,16.5
1784-08-01,2372866.0,16.0
1784-09-01,2372896.0,15.9
1784-10-01,2372926.0,16.2
1784-11-01,2372958.0,17.6
1784-12-01,2372988.0,19.8
1785-01-01,2373018.0,23.1
1785-02-01,2373050.0,25.9
1785-03-01,2373078.0,28.1
1785-04-01,2373108.0,32.4
1785-05-01,2373138.0,36.7
1785-06-01,2373170.0,39.2
1785-07-01,2373200.0,42.3
1785-08-01,2373230.0,47.2
1785-09-01,2373262.0,52.6
1785-10-01,2373292.0,60.1
1785-11-01,2373322.0,69.9
1785-12-01,2373352.0,77.2
1786-01-01,2373384.0,82.7
1786-02-01,2373414.0,90.8
1786-03-01,2373442.0,101.1
1786-04-01,2373474.0,111.2
1786-05-01,2373504.0,121.0
1786-06-01,2373534.0,132.2
1786-07-01,2373564.0,144.9
1786-08-01,2373596.0,155.7
1786-09-01,2373626.0,162.5
1786-10-01,2373656.0,168.2
1786-11-01,2373688.0,174.0
1786-12-01,2373718.0,179.8
1787-01-01,2373748.0,185.7
1787-02-01,2373780.0,192.1
1787-03-01,2373808.0,198.6
1787-04-01,2373838.0,204.9
1787-05-01,2373868.0,209.8
1787-06-01,2373900.0,215.8
1787-07-01,2373930.0,220.3
1787-08-01,2373960.0,222.1
1787-09-01,2373992.0,227.6
1787-10-01,2374022.0,230.2
1787-11-01,2374052.0,227.4
1787-12-01,2374082.0,229.7
1788-01-01,2374114.0,234.4
1788-02-01,2374144.0,235.3
1788-03-01,2374174.0,234.1
1788-04-01,2374204.0,231.9
1788-05-01,2374234.0,227.6
1788-06-01,2374266.0,221.3
1788-07-01,2374296.0,216.5
1788-08-01,2374326.0,214.6
1788-09-01,2374358.0,212.7
1788-10-01,2374388.0,212.1
1788-11-01,2374418.0,213.8
1788-12-01,2374448.0,212.2
1789-01-01,2374480.0,208.1
1789-02-01,2374510.0,204.1
1789-03-01,2374538.0,199.8
1789-04-01,2374570.0,194.2
1789-05-01,2374600.0,193.3
1789-06-01,2374630.0,196.4
1789-07-01,2374660.0,196.1
1789-08-01,2374692.0,195.5
1789-09-01,2374722.0,194.0
1789-10-01,2374752.0,190.3
1789-11-01,2374784.0,186.1
1789-12-01,2374814.0,182.0
1790-01-01,2374844.0,176.7
1790-02-01,2374876.0,172.3
1790-03-01,2374904.0,168.7
1790-04-01,2374934.0,166.0
1790-05-01,2374964.0,162.0
1790-06-01,2374996.0,154.1
1790-07-01,2375026.0,147.7
1790-08-01,2375056.0,141.1
1790-09-01,2375088.0,135.0
1790-10-01,2375118.0,132.2
1790-11-01,2375148.0,129.7
1790-12-01,2375178.0,126.5
1791-01-01,2375210.0,124.8
1791-02-01,2375240.0,121.9
1791-03-01,2375268.0,118.1
1791-04-01,2375300.0,115.7
1791-05-01,2375330.0,113.1
1791-06-01,2375360.0,111.5
1791-07-01,2375390.0,109.9
1791-08-01,2375422.0,109.1
1791-09-01,2375452.0,108.4
1791-10-01,2375482.0,107.6
1791-11-01,2375514.0,106.7
1791-12-01,2375544.0,105.6
1792-01-01,2375574.0,103.7
1792-02-01,2375606.0,103.1
1792-03-01,2375634.0,103.7
1792-04-01,2375666.0,103.0
1792-05-01,2375696.0,102.2
1792-06-01,2375726.0,100.8
1792-07-01,2375756.0,99.9
1792-08-01,2375788.0,99.2
1792-09-01,2375818.0,98.0
1792-10-01,2375848.0,95.9
1792-11-01,2375880.0,93.7
1792-12-01,2375910.0,92.3
1793-01-01,2375940.0,91.9
1793-02-01,2375972.0,90.1
1793-03-01,2376000.0,85.5
1793-04-01,2376030.0,82.2
1793-05-01,2376060.0,80.5
1793-06-01,2376092.0,78.9
1793-07-01,2376122.0,77.4
1793-08-01,2376152.0,75.9
1793-09-01,2376184.0,73.9
1793-10-01,2376214.0,71.0
1793-11-01,2376244.0,69.5
1793-12-01,2376274.0,69.1
1794-01-01,2376306.0,67.8
1794-02-01,2376336.0,67.9
1794-03-01,2376364.0,67.7
1794-04-01,2376396.0,65.6
1794-05-01,2376426.0,65.9
1794-06-01,2376456.0,67.9
1794-07-01,2376486.0,66.7
1794-08-01,2376518.0,64.8
1794-09-01,2376548.0,62.7
1794-10-01,2376578.0,60.3
1794-11-01,2376610.0,57.9
1794-12-01,2376640.0,54.5
1795-01-01,2376670.0,50.8
1795-02-01,2376702.0,47.9
1795-03-01,2376730.0,47.1
1795-04-01,2376760.0,46.6
1795-05-01,2376790.0,43.0
1795-06-01,2376822.0,37.8
1795-07-01,2376852.0,35.5
1795-08-01,2376882.0,34.4
1795-09-01,2376914.0,33.5
1795-10-01,2376944.0,34.6
1795-11-01,2376974.0,34.9
1795-12-01,2377004.0,33.4
1796-01-01,2377036.0,33.7
1796-02-01,2377066.0,33.0
1796-03-01,2377096.0,31.6
1796-04-01,2377126.0,31.4
1796-05-01,2377156.0,29.6
1796-06-01,2377188.0,27.6
1796-07-01,2377218.0,26.2
1796-08-01,2377248.0,24.3
1796-09-01,2377280.0,22.1
1796-10-01,2377310.0,19.4
1796-11-01,2377340.0,16.5
1796-12-01,2377370.0,15.9
1797-01-01,2377402.0,14.6
1797-02-01,2377432.0,13.3
1797-03-01,2377460.0,12.8
1797-04-01,2377492.0,11.6
1797-05-01,2377522.0,11.1
1797-06-01,2377552.0,10.8
1797-07-01,2377582.0,9.8
1797-08-01,2377614.0,8.9
1797-09-01,2377644.0,9.5
1797-10-01,2377674.0,9.9
1797-11-01,2377706.0,9.2
1797-12-01,2377736.0,7.9
1798-01-01,2377766.0,6.8
1798-02-01,2377798.0,6.3
1798-03-01,2377826.0,5.9
1798-04-01,2377856.0,5.3
1798-05-01,2377886.0,5.4
1798-06-01,2377918.0,6.3
1798-07-01,2377948.0,6.7
1798-08-01,2377978.0,7.3
1798-09-01,2378010.0,8.6
1798-10-01,2378040.0,9.7
1798-11-01,2378070.0,10.8
1798-12-01,2378100.0,12.1
1799-01-01,2378132.0,13.0
1799-02-01,2378162.0,12.9
1799-03-01,2378190.0,12.5
1799-04-01,2378222.0,12.6
1799-05-01,2378252.0,12.1
1799-06-01,2378282.0,11.4
1799-07-01,2378312.0,11.6
1799-08-01,2378344.0,11.8
1799-09-01,2378374.0,11.0
1799-10-01,2378404.0,9.9
1799-11-01,2378436.0,9.1
1799-12-01,2378466.0,9.8
1800-01-01,2378496.0,12.0
1800-02-01,2378528.0,14.6
1800-03-01,2378556.0,16.8
1800-04-01,2378586.0,18.1
1800-05-01,2378616.0,19.2
1800-06-01,2378648.0,21.9
1800-07-01,2378678.0,25.5
1800-08-01,2378708.0,28.3
1800-09-01,2378740.0,30.8
1800-10-01,2378770.0,34.0
1800-11-01,2378800.0,38.1
1800-12-01,2378830.0,40.5
1801-01-01,2378862.0,42.0
1801-02-01,2378892.0,44.3
1801-03-01,2378920.0,47.1
1801-04-01,2378952.0,50.1
1801-05-01,2378982.0,53.5
1801-06-01,2379012.0,56.1
1801-07-01,2379042.0,58.1
1801-08-01,2379074.0,60.8
1801-09-01,2379104.0,62.8
1801-10-01,2379134.0,64.3
1801-11-01,2379166.0,65.9
1801-12-01,2379196.0,67.8
1802-01-01,2379226.0,69.7
1802-02-01,2379258.0,71.4
1802-03-01,2379286.0,73.4
1802-04-01,2379316.0,75.1
1802-05-01,2379346.0,75.2
1802-06-01,2379378.0,74.9
1802-07-01,2379408.0,75.2
1802-08-01,2379438.0,75.6
1802-09-01,2379470.0,75.1
1802-10-01,2379500.0,73.1
1802-11-01,2379530.0,72.0
1802-12-01,2379560.0,71.3
1803-01-01,2379592.0,70.6
1803-02-01,2379622.0,69.5
1803-03-01,2379650.0,68.0
1803-04-01,2379682.0,68.6
1803-05-01,2379712.0,70.9
1803-06-01,2379742.0,71.9
1803-07-01,2379772.0,71.4
1803-08-01,2379804.0,70.9
1803-09-01,2379834.0,72.0
1803-10-01,2379864.0,75.1
1803-11-01,2379896.0,76.1
1803-12-01,2379926.0,75.3
1804-01-01,2379956.0,73.9
1804-02-01,2379988.0,73.3
1804-03-01,2380016.0,74.4
1804-04-01,2380048.0,75.5
1804-05-01,2380078.0,76.7
1804-06-01,2380108.0,78.3
1804-07-01,2380138.0,80.2
1804-08-01,2380170.0,81.0
1804-09-01,2380200.0,80.9
1804-10-01,2380230.0,80.3
1804-11-01,2380262.0,79.8
1804-12-01,2380292.0,80.5
1805-01-01,2380322.0,81.5
1805-02-01,2380354.0,82.0
1805-03-01,2380382.0,81.4
1805-04-01,2380412.0,78.5
1805-05-01,2380442.0,74.8
1805-06-01,2380474.0,71.9
1805-07-01,2380504.0,68.9
1805-08-01,2380534.0,66.3
1805-09-01,2380566.0,64.0
1805-10-01,2380596.0,62.1
1805-11-01,2380626.0,60.5
1805-12-01,2380656.0,58.6
1806-01-01,2380688.0,57.0
1806-02-01,2380718.0,55.4
1806-03-01,2380746.0,52.8
1806-04-01,2380778.0,51.2
1806-05-01,2380808.0,49.9
1806-06-01,2380838.0,47.8
1806-07-01,2380868.0,45.0
1806-08-01,2380900.0,41.9
1806-09-01,2380930.0,39.1
1806-10-01,2380960.0,37.2
1806-11-01,2380992.0,35.8
1806-12-01,2381022.0,33.7
1807-01-01,2381052.0,31.6
1807-02-01,2381084.0,29.4
1807-03-01,2381112.0,27.1
1807-04-01,2381142.0,24.5
1807-05-01,2381172.0,21.6
1807-06-01,2381204.0,18.4
1807-07-01,2381234.0,15.9
1807-08-01,2381264.0,14.6
1807-09-01,2381296.0,13.4
1807-10-01,2381326.0,11.9
1807-11-01,2381356.0,11.3
1807-12-01,2381386.0,11.7
1808-01-01,2381418.0,11.4
1808-02-01,2381448.0,10.7
1808-03-01,2381478.0,10.8
1808-04-01,2381508.0,11.0
1808-05-01,2381538.0,11.3
1808-06-01,2381570.0,12.7
1808-07-01,2381600.0,14.1
1808-08-01,2381630.0,14.9
1808-09-01,2381662.0,15.3
1808-10-01,2381692.0,14.7
1808-11-01,2381722.0,13.2
1808-12-01,2381752.0,12.0
1809-01-01,2381784.0,11.1
1809-02-01,2381814.0,10.1
1809-03-01,2381842.0,8.8
1809-04-01,2381874.0,7.7
1809-05-01,2381904.0,6.7
1809-06-01,2381934.0,5.1
1809-07-01,2381964.0,3.7
1809-08-01,2381996.0,2.6
1809-09-01,2382026.0,1.9
1809-10-01,2382056.0,1.6
1809-11-01,2382088.0,1.3
1809-12-01,2382118.0,0.7
1810-01-01,2382148.0,0.1
1810-02-01,2382180.0,0.1
1810-03-01,2382208.0,0.0
1810-04-01,2382238.0,0.0
1810-05-01,2382268.0,0.0
1810-06-01,2382300.0,0.0
1810-07-01,2382330.0,0.0
1810-08-01,2382360.0,0.0
1810-09-01,2382392.0,0.0
1810-10-01,2382422.0,0.0
1810-11-01,2382452.0,0.0
1810-12-01,2382482.0,0.0
1811-01-01,2382514.0,0.5
1811-02-01,2382544.0,0.9
1811-03-01,2382572.0,1.1
1811-04-01,2382604.0,1.7
1811-05-01,2382634.0,2.2
1811-06-01,2382664.0,2.3
1811-07-01,2382694.0,3.1
1811-08-01,2382726.0,4.1
1811-09-01,2382756.0,4.2
1811-10-01,2382786.0,4.3
1811-11-01,2382818.0,4.4
1811-12-01,2382848.0,4.5
1812-01-01,2382878.0,4.2
1812-02-01,2382910.0,4.9
1812-03-01,2382938.0,6.1
1812-04-01,2382970.0,6.2
1812-05-01,2383000.0,6.5
1812-06-01,2383030.0,7.6
1812-07-01,2383060.0,7.5
1812-08-01,2383092.0,7.3
1812-09-01,2383122.0,7.9
1812-10-01,2383152.0,9.2
1812-11-01,2383184.0,10.6
1812-12-01,2383214.0,11.6
1813-01-01,2383244.0,13.6
1813-02-01,2383276.0,14.3
1813-03-01,2383304.0,14.5
1813-04-01,2383334.0,16.9
1813-05-01,2383364.0,19.1
1813-06-01,2383396.0,20.0
1813-07-01,2383426.0,21.9
1813-08-01,2383456.0,23.5
1813-09-01,2383488.0,23.9
1813-10-01,2383518.0,24.7
1813-11-01,2383548.0,25.2
1813-12-01,2383578.0,25.5
1814-01-01,2383610.0,25.7
1814-02-01,2383640.0,25.3
1814-03-01,2383668.0,24.4
1814-04-01,2383700.0,23.3
1814-05-01,2383730.0,22.6
1814-06-01,2383760.0,22.8
1814-07-01,2383790.0,23.0
1814-08-01,2383822.0,24.2
1814-09-01,2383852.0,27.0
1814-10-01,2383882.0,29.0
1814-11-01,2383914.0,29.8
1814-12-01,2383944.0,33.0
1815-01-01,2383974.0,37.0
1815-02-01,2384006.0,41.3
1815-03-01,2384034.0,46.0
1815-04-01,2384064.0,48.6
1815-05-01,2384094.0,51.2
1815-06-01,2384126.0,55.9
1815-07-01,2384156.0,59.5
1815-08-01,2384186.0,62.5
1815-09-01,2384218.0,68.4
1815-10-01,2384248.0,73.6
1815-11-01,2384278.0,77.8
1815-12-01,2384308.0,79.4
1816-01-01,2384340.0,78.8
1816-02-01,2384370.0,77.3
1816-03-01,2384400.0,76.8
1816-04-01,2384430.0,79.5
1816-05-01,2384460.0,81.2
1816-06-01,2384492.0,78.8
1816-07-01,2384522.0,77.1
1816-08-01,2384552.0,77.0
1816-09-01,2384584.0,77.8
1816-10-01,2384614.0,77.1
1816-11-01,2384644.0,73.3
1816-12-01,2384674.0,71.4
1817-01-01,2384706.0,71.9
1817-02-01,2384736.0,74.2
1817-03-01,2384764.0,75.0
1817-04-01,2384796.0,72.1
1817-05-01,2384826.0,69.3
1817-06-01,2384856.0,68.5
1817-07-01,2384886.0,68.3
1817-08-01,2384918.0,65.8
1817-09-01,2384948.0,58.4
1817-10-01,2384978.0,54.0
1817-11-01,2385010.0,56.8
1817-12-01,2385040.0,58.8
1818-01-01,2385070.0,57.0
1818-02-01,2385102.0,54.6
1818-03-01,2385130.0,52.9
1818-04-01,2385160.0,52.6
1818-05-01,2385190.0,51.7
1818-06-01,2385222.0,50.3
1818-07-01,2385252.0,50.0
1818-08-01,2385282.0,49.7
1818-09-01,2385314.0,48.1
1818-10-01,2385344.0,45.6
1818-11-01,2385374.0,42.3
1818-12-01,2385404.0,39.9
1819-01-01,2385436.0,40.0
1819-02-01,2385466.0,39.9
1819-03-01,2385494.0,38.7
1819-04-01,2385526.0,37.6
1819-05-01,2385556.0,38.3
1819-06-01,2385586.0,39.6
1819-07-01,2385616.0,39.0
1819-08-01,2385648.0,38.5
1819-09-01,2385678.0,38.9
1819-10-01,2385708.0,38.9
1819-11-01,2385740.0,39.6
1819-12-01,2385770.0,38.6
1820-01-01,2385800.0,36.1
1820-02-01,2385832.0,35.3
1820-03-01,2385860.0,34.6
1820-04-01,2385892.0,32.7
1820-05-01,2385922.0,30.2
1820-06-01,2385952.0,27.5
1820-07-01,2385982.0,26.2
1820-08-01,2386014.0,24.8
1820-09-01,2386044.0,23.3
1820-10-01,2386074.0,22.7
1820-11-01,2386106.0,20.0
1820-12-01,2386136.0,17.5
1821-01-01,2386166.0,15.6
1821-02-01,2386198.0,12.9
1821-03-01,2386226.0,11.4
1821-04-01,2386256.0,12.0
1821-05-01,2386286.0,12.5
1821-06-01,2386318.0,11.6
1821-07-01,2386348.0,9.5
1821-08-01,2386378.0,7.8
1821-09-01,2386410.0,8.3
1821-10-01,2386440.0,9.3
1821-11-01,2386470.0,9.5
1821-12-01,2386500.0,9.8
1822-01-01,2386532.0,10.4
1822-02-01,2386562.0,10.6
1822-03-01,2386590.0,10.1
1822-04-01,2386622.0,8.5
1822-05-01,2386652.0,6.9
1822-06-01,2386682.0,6.6
1822-07-01,2386712.0,6.6
1822-08-01,2386744.0,6.5
1822-09-01,2386774.0,5.4
1822-10-01,2386804.0,3.4
1822-11-01,2386836.0,2.4
1822-12-01,2386866.0,1.9
1823-01-01,2386896.0,1.0
1823-02-01,2386928.0,0.3
1823-03-01,2386956.0,0.2
1823-04-01,2386986.0,0.2
1823-05-01,2387016.0,0.2
1823-06-01,2387048.0,1.6
1823-07-01,2387078.0,4.5
1823-08-01,2387108.0,6.7
1823-09-01,2387140.0,7.4
1823-10-01,2387170.0,8.7
1823-11-01,2387200.0,10.3
1823-12-01,2387230.0,10.5
1824-01-01,2387262.0,10.4
1824-02-01,2387292.0,10.5
1824-03-01,2387322.0,12.0
1824-04-01,2387352.0,15.2
1824-05-01,2387382.0,17.0
1824-06-01,2387414.0,15.6
1824-07-01,2387444.0,13.1
1824-08-01,2387474.0,12.3
1824-09-01,2387506.0,14.2
1824-10-01,2387536.0,14.6
1824-11-01,2387566.0,14.4
1824-12-01,2387596.0,16.4
1825-01-01,2387628.0,19.6
1825-02-01,2387658.0,23.4
1825-03-01,2387686.0,24.8
1825-04-01,2387718.0,23.8
1825-05-01,2387748.0,23.9
1825-06-01,2387778.0,26.2
1825-07-01,2387808.0,28.6
1825-08-01,2387840.0,29.6
1825-09-01,2387870.0,30.8
1825-10-01,2387900.0,33.2
1825-11-01,2387932.0,35.8
1825-12-01,2387962.0,38.4
1826-01-01,2387992.0,41.4
1826-02-01,2388024.0,43.9
1826-03-01,2388052.0,45.1
1826-04-01,2388082.0,47.8
1826-05-01,2388112.0,52.1
1826-06-01,2388144.0,57.2
1826-07-01,2388174.0,61.6
1826-08-01,2388204.0,64.8
1826-09-01,2388236.0,68.3
1826-10-01,2388266.0,71.3
1826-11-01,2388296.0,74.5
1826-12-01,2388326.0,77.5
1827-01-01,2388358.0,78.2
1827-02-01,2388388.0,78.5
1827-03-01,2388416.0,81.6
1827-04-01,2388448.0,84.1
1827-05-01,2388478.0,85.0
1827-06-01,2388508.0,84.1
1827-07-01,2388538.0,83.8
1827-08-01,2388570.0,86.3
1827-09-01,2388600.0,88.0
1827-10-01,2388630.0,89.5
1827-11-01,2388662.0,92.9
1827-12-01,2388692.0,98.0
1828-01-01,2388722.0,101.7
1828-02-01,2388754.0,104.1
1828-03-01,2388782.0,105.8
1828-04-01,2388814.0,105.7
1828-05-01,2388844.0,106.2
1828-06-01,2388874.0,106.9
1828-07-01,2388904.0,106.3
1828-08-01,2388936.0,104.6
1828-09-01,2388966.0,104.0
1828-10-01,2388996.0,106.9
1828-11-01,2389028.0,107.7
1828-12-01,2389058.0,104.5
1829-01-01,2389088.0,105.4
1829-02-01,2389120.0,108.0
1829-03-01,2389148.0,108.3
1829-04-01,2389178.0,108.6
1829-05-01,2389208.0,109.5
1829-06-01,2389240.0,110.9
1829-07-01,2389270.0,112.3
1829-08-01,2389300.0,114.5
1829-09-01,2389332.0,116.9
1829-10-01,2389362.0,118.5
1829-11-01,2389392.0,119.2
1829-12-01,2389422.0,118.6
1830-01-01,2389454.0,114.7
1830-02-01,2389484.0,109.5
1830-03-01,2389512.0,108.3
1830-04-01,2389544.0,110.9
1830-05-01,2389574.0,113.7
1830-06-01,2389604.0,116.4
1830-07-01,2389634.0,117.9
1830-08-01,2389666.0,116.0
1830-09-01,2389696.0,115.1
1830-10-01,2389726.0,112.1
1830-11-01,2389758.0,106.6
1830-12-01,2389788.0,102.4
1831-01-01,2389818.0,100.3
1831-02-01,2389850.0,100.7
1831-03-01,2389878.0,99.3
1831-04-01,2389908.0,95.0
1831-05-01,2389938.0,89.7
1831-06-01,2389970.0,83.4
1831-07-01,2390000.0,78.6
1831-08-01,2390030.0,77.8
1831-09-01,2390062.0,75.5
1831-10-01,2390092.0,70.9
1831-11-01,2390122.0,69.2
1831-12-01,2390152.0,69.0
1832-01-01,2390184.0,66.4
1832-02-01,2390214.0,61.0
1832-03-01,2390244.0,55.7
1832-04-01,2390274.0,51.9
1832-05-01,2390304.0,48.1
1832-06-01,2390336.0,46.0
1832-07-01,2390366.0,44.5
1832-08-01,2390396.0,40.3
1832-09-01,2390428.0,34.5
1832-10-01,2390458.0,29.8
1832-11-01,2390488.0,26.2
1832-12-01,2390518.0,22.4
1833-01-01,2390550.0,20.1
1833-02-01,2390580.0,19.4
1833-03-01,2390608.0,19.5
1833-04-01,2390640.0,18.7
1833-05-01,2390670.0,17.2
1833-06-01,2390700.0,15.4
1833-07-01,2390730.0,13.8
1833-08-01,2390762.0,13.5
1833-09-01,2390792.0,13.2
1833-10-01,2390822.0,12.6
1833-11-01,2390854.0,12.2
1833-12-01,2390884.0,12.4
1834-01-01,2390914.0,13.0
1834-02-01,2390946.0,13.0
1834-03-01,2390974.0,12.9
1834-04-01,2391004.0,14.1
1834-05-01,2391034.0,17.0
1834-06-01,2391066.0,20.4
1834-07-01,2391096.0,22.3
1834-08-01,2391126.0,22.9
1834-09-01,2391158.0,24.4
1834-10-01,2391188.0,29.7
1834-11-01,2391218.0,36.2
1834-12-01,2391248.0,40.4
1835-01-01,2391280.0,45.7
1835-02-01,2391310.0,53.1
1835-03-01,2391338.0,63.1
1835-04-01,2391370.0,74.2
1835-05-01,2391400.0,83.9
1835-06-01,2391430.0,91.7
1835-07-01,2391460.0,100.4
1835-08-01,2391492.0,111.8
1835-09-01,2391522.0,123.0
1835-10-01,2391552.0,134.1
1835-11-01,2391584.0,144.5
1835-12-01,2391614.0,155.6
1836-01-01,2391644.0,165.9
1836-02-01,2391676.0,173.2
1836-03-01,2391704.0,176.2
1836-04-01,2391736.0,178.7
1836-05-01,2391766.0,183.1
1836-06-01,2391796.0,193.5
1836-07-01,2391826.0,209.3
1836-08-01,2391858.0,221.0
1836-09-01,2391888.0,228.2
1836-10-01,2391918.0,230.4
1836-11-01,2391950.0,230.1
1836-12-01,2391980.0,232.4
1837-01-01,2392010.0,237.9
1837-02-01,2392042.0,243.0
1837-03-01,2392070.0,244.9
1837-04-01,2392100.0,244.0
1837-05-01,2392130.0,242.1
1837-06-01,2392162.0,235.8
1837-07-01,2392192.0,227.5
1837-08-01,2392222.0,218.2
1837-09-01,2392254.0,212.3
1837-10-01,2392284.0,211.9
1837-11-01,2392314.0,212.9
1837-12-01,2392344.0,210.3
1838-01-01,2392376.0,202.1
1838-02-01,2392406.0,194.5
1838-03-01,2392434.0,189.1
1838-04-01,2392466.0,185.3
1838-05-01,2392496.0,180.9
1838-06-01,2392526.0,175.4
1838-07-01,2392556.0,169.2
1838-08-01,2392588.0,167.7
1838-09-01,2392618.0,164.6
1838-10-01,2392648.0,155.7
1838-11-01,2392680.0,145.4
1838-12-01,2392710.0,136.8
1839-01-01,2392740.0,132.4
1839-02-01,2392772.0,134.4
1839-03-01,2392800.0,142.1
1839-04-01,2392830.0,146.2
1839-05-01,2392860.0,145.6
1839-06-01,2392892.0,143.9
1839-07-01,2392922.0,141.1
1839-08-01,2392952.0,138.4
1839-09-01,2392984.0,136.7
1839-10-01,2393014.0,136.3
1839-11-01,2393044.0,137.6
1839-12-01,2393074.0,138.3
1840-01-01,2393106.0,136.2
1840-02-01,2393136.0,129.4
1840-03-01,2393166.0,120.2
1840-04-01,2393196.0,113.6
1840-05-01,2393226.0,110.1
1840-06-01,2393258.0,108.4
1840-07-01,2393288.0,103.8
1840-08-01,2393318.0,95.8
1840-09-01,2393350.0,89.1
1840-10-01,2393380.0,84.7
1840-11-01,2393410.0,82.8
1840-12-01,2393440.0,83.2
1841-01-01,2393472.0,81.6
1841-02-01,2393502.0,78.2
1841-03-01,2393530.0,74.4
1841-04-01,2393562.0,69.9
1841-05-01,2393592.0,65.7
1841-06-01,2393622.0,62.2
1841-07-01,2393652.0,61.0
1841-08-01,2393684.0,60.2
1841-09-01,2393714.0,59.0
1841-10-01,2393744.0,57.6
1841-11-01,2393776.0,53.7
1841-12-01,2393806.0,48.3
1842-01-01,2393836.0,44.6
1842-02-01,2393868.0,42.4
1842-03-01,2393896.0,40.3
1842-04-01,2393926.0,39.7
1842-05-01,2393956.0,41.8
1842-06-01,2393988.0,41.8
1842-07-01,2394018.0,39.8
1842-08-01,2394048.0,38.0
1842-09-01,2394080.0,35.8
1842-10-01,2394110.0,33.7
1842-11-01,2394140.0,32.2
1842-12-01,2394170.0,31.3
1843-01-01,2394202.0,30.4
1843-02-01,2394232.0,29.1
1843-03-01,2394260.0,27.1
1843-04-01,2394292.0,23.8
1843-05-01,2394322.0,20.1
1843-06-01,2394352.0,18.2
1843-07-01,2394382.0,17.6
1843-08-01,2394414.0,18.1
1843-09-01,2394444.0,19.3
1843-10-01,2394474.0,20.4
1843-11-01,2394506.0,20.5
1843-12-01,2394536.0,19.4
1844-01-01,2394566.0,19.7
1844-02-01,2394598.0,21.4
1844-03-01,2394626.0,22.4
1844-04-01,2394658.0,23.7
1844-05-01,2394688.0,24.3
1844-06-01,2394718.0,24.3
1844-07-01,2394748.0,26.0
1844-08-01,2394780.0,29.2
1844-09-01,2394810.0,33.3
1844-10-01,2394840.0,37.9
1844-11-01,2394872.0,42.9
1844-12-01,2394902.0,47.3
1845-01-01,2394932.0,49.9
1845-02-01,2394964.0,51.1
1845-03-01,2394992.0,53.3
1845-04-01,2395022.0,56.2
1845-05-01,2395052.0,59.5
1845-06-01,2395084.0,64.1
1845-07-01,2395114.0,67.7
1845-08-01,2395144.0,69.1
1845-09-01,2395176.0,71.0
1845-10-01,2395206.0,73.3
1845-11-01,2395236.0,75.0
1845-12-01,2395266.0,78.2
1846-01-01,2395298.0,81.7
1846-02-01,2395328.0,84.4
1846-03-01,2395356.0,91.3
1846-04-01,2395388.0,97.8
1846-05-01,2395418.0,100.3
1846-06-01,2395448.0,102.1
1846-07-01,2395478.0,104.2
1846-08-01,2395510.0,105.4
1846-09-01,2395540.0,106.5
1846-10-01,2395570.0,106.3
1846-11-01,2395602.0,105.7
1846-12-01,2395632.0,108.2
1847-01-01,2395662.0,110.0
1847-02-01,2395694.0,116.4
1847-03-01,2395722.0,126.1
1847-04-01,2395752.0,138.4
1847-05-01,2395782.0,152.5
1847-06-01,2395814.0,161.0
1847-07-01,2395844.0,170.8
1847-08-01,2395874.0,182.1
1847-09-01,2395906.0,188.4
1847-10-01,2395936.0,194.3
1847-11-01,2395966.0,200.5
1847-12-01,2395996.0,205.4
1848-01-01,2396028.0,214.5
1848-02-01,2396058.0,219.9
1848-03-01,2396088.0,215.2
1848-04-01,2396118.0,207.6
1848-05-01,2396148.0,202.6
1848-06-01,2396180.0,204.4
1848-07-01,2396210.0,209.2
1848-08-01,2396240.0,213.3
1848-09-01,2396272.0,216.0
1848-10-01,2396302.0,216.7
1848-11-01,2396332.0,216.7
1848-12-01,2396362.0,213.4
1849-01-01,2396394.0,207.4
1849-02-01,2396424.0,200.1
1849-03-01,2396452.0,196.7
1849-04-01,2396484.0,193.6
1849-05-01,2396514.0,189.9
1849-06-01,2396544.0,186.4
1849-07-01,2396574.0,176.8
1849-08-01,2396606.0,167.2
1849-09-01,2396636.0,162.7
1849-10-01,2396666.0,157.0
1849-11-01,2396698.0,150.9
1849-12-01,2396728.0,148.5
1850-01-01,2396758.0,144.6
1850-02-01,2396790.0,141.0
1850-03-01,2396818.0,139.9
1850-04-01,2396848.0,139.3
1850-05-01,2396878.0,135.7
1850-06-01,2396910.0,129.4
1850-07-01,2396940.0,126.3
1850-08-01,2396970.0,127.4
1850-09-01,2397002.0,127.3
1850-10-01,2397032.0,126.8
1850-11-01,2397062.0,127.9
1850-12-01,2397092.0,127.4
1851-01-01,2397124.0,126.6
1851-02-01,2397154.0,126.1
1851-03-01,2397182.0,124.3
1851-04-01,2397214.0,122.2
1851-05-01,2397244.0,121.2
1851-06-01,2397274.0,121.7
1851-07-01,2397304.0,121.9
1851-08-01,2397336.0,118.3
1851-09-01,2397366.0,114.9
1851-10-01,2397396.0,115.4
1851-11-01,2397428.0,115.5
1851-12-01,2397458.0,113.6
1852-01-01,2397488.0,112.8
1852-02-01,2397520.0,111.8
1852-03-01,2397548.0,108.0
1852-04-01,2397580.0,106.0
1852-05-01,2397610.0,106.6
1852-06-01,2397640.0,104.8
1852-07-01,2397670.0,100.6
1852-08-01,2397702.0,96.6
1852-09-01,2397732.0,92.9
1852-10-01,2397762.0,89.6
1852-11-01,2397794.0,86.6
1852-12-01,2397824.0,84.5
1853-01-01,2397854.0,84.2
1853-02-01,2397886.0,85.4
1853-03-01,2397914.0,85.9
1853-04-01,2397944.0,83.6
1853-05-01,2397974.0,79.6
1853-06-01,2398006.0,75.9
1853-07-01,2398036.0,72.1
1853-08-01,2398066.0,68.3
1853-09-01,2398098.0,65.1
1853-10-01,2398128.0,62.1
1853-11-01,2398158.0,59.6
1853-12-01,2398188.0,57.3
1854-01-01,2398220.0,53.6
1854-02-01,2398250.0,48.7
1854-03-01,2398278.0,45.1
1854-04-01,2398310.0,41.9
1854-05-01,2398340.0,39.5
1854-06-01,2398370.0,39.3
1854-07-01,2398400.0,38.9
1854-08-01,2398432.0,38.0
1854-09-01,2398462.0,37.0
1854-10-01,2398492.0,35.0
1854-11-01,2398524.0,32.1
1854-12-01,2398554.0,29.6
1855-01-01,2398584.0,26.9
1855-02-01,2398616.0,24.5
1855-03-01,2398644.0,21.7
1855-04-01,2398674.0,19.7
1855-05-01,2398704.0,17.5
1855-06-01,2398736.0,14.2
1855-07-01,2398766.0,11.8
1855-08-01,2398796.0,10.3
1855-09-01,2398828.0,8.5
1855-10-01,2398858.0,7.3
1855-11-01,2398888.0,6.7
1855-12-01,2398918.0,6.0
1856-01-01,2398950.0,6.3
1856-02-01,2398980.0,6.9
1856-03-01,2399010.0,7.5
1856-04-01,2399040.0,7.4
1856-05-01,2399070.0,7.3
1856-06-01,2399102.0,7.9
1856-07-01,2399132.0,9.3
1856-08-01,2399162.0,10.5
1856-09-01,2399194.0,11.1
1856-10-01,2399224.0,11.8
1856-11-01,2399254.0,14.5
1856-12-01,2399284.0,17.6
1857-01-01,2399316.0,19.8
1857-02-01,2399346.0,22.1
1857-03-01,2399374.0,26.0
1857-04-01,2399406.0,31.8
1857-05-01,2399436.0,36.6
1857-06-01,2399466.0,40.8
1857-07-01,2399496.0,45.2
1857-08-01,2399528.0,49.4
1857-09-01,2399558.0,55.7
1857-10-01,2399588.0,62.0
1857-11-01,2399620.0,65.1
1857-12-01,2399650.0,68.4
1858-01-01,2399680.0,73.4
1858-02-01,2399712.0,79.1
1858-03-01,2399740.0,85.2
1858-04-01,2399770.0,92.2
1858-05-01,2399800.0,97.8
1858-06-01,2399832.0,101.8
1858-07-01,2399862.0,107.6
1858-08-01,2399892.0,115.3
1858-09-01,2399924.0,122.1
1858-10-01,2399954.0,128.5
1858-11-01,2399984.0,136.1
1858-12-01,2400014.0,143.4
1859-01-01,2400046.0,149.8
1859-02-01,2400076.0,157.0
1859-03-01,2400104.0,163.1
1859-04-01,2400136.0,167.0
1859-05-01,2400166.0,172.4
1859-06-01,2400196.0,177.1
1859-07-01,2400226.0,178.1
1859-08-01,2400258.0,178.1
1859-09-01,2400288.0,178.8
1859-10-01,2400318.0,178.4
1859-11-01,2400350.0,178.5
1859-12-01,2400380.0,181.5
1860-01-01,2400410.0,185.0
1860-02-01,2400442.0,186.2
1860-03-01,2400470.0,184.6
1860-04-01,2400502.0,181.5
1860-05-01,2400532.0,179.7
1860-06-01,2400562.0,180.9
1860-07-01,2400592.0,180.4
1860-08-01,2400624.0,178.0
1860-09-01,2400654.0,177.3
1860-10-01,2400684.0,179.6
1860-11-01,2400716.0,177.8
1860-12-01,2400746.0,172.2
1861-01-01,2400776.0,167.5
1861-02-01,2400808.0,163.0
1861-03-01,2400836.0,160.6
1861-04-01,2400866.0,157.9
1861-05-01,2400896.0,152.6
1861-06-01,2400928.0,147.8
1861-07-01,2400958.0,146.7
1861-08-01,2400988.0,145.7
1861-09-01,2401020.0,140.1
1861-10-01,2401050.0,132.0
1861-11-01,2401080.0,129.1
1861-12-01,2401110.0,129.4
1862-01-01,2401142.0,128.7
1862-02-01,2401172.0,126.7
1862-03-01,2401200.0,124.1
1862-04-01,2401232.0,121.0
1862-05-01,2401262.0,118.8
1862-06-01,2401292.0,115.4
1862-07-01,2401322.0,111.1
1862-08-01,2401354.0,109.3
1862-09-01,2401384.0,110.5
1862-10-01,2401414.0,111.3
1862-11-01,2401446.0,109.4
1862-12-01,2401476.0,105.1
1863-01-01,2401506.0,98.5
1863-02-01,2401538.0,94.1
1863-03-01,2401566.0,89.4
1863-04-01,2401596.0,85.7
1863-05-01,2401626.0,84.5
1863-06-01,2401658.0,83.5
1863-07-01,2401688.0,84.3
1863-08-01,2401718.0,84.3
1863-09-01,2401750.0,83.5
1863-10-01,2401780.0,83.1
1863-11-01,2401810.0,81.7
1863-12-01,2401840.0,82.0
1864-01-01,2401872.0,85.1
1864-02-01,2401902.0,87.4
1864-03-01,2401932.0,88.5
1864-04-01,2401962.0,88.5
1864-05-01,2401992.0,89.6
1864-06-01,2402024.0,90.2
1864-07-01,2402054.0,88.5
1864-08-01,2402084.0,87.1
1864-09-01,2402116.0,84.4
1864-10-01,2402146.0,81.8
1864-11-01,2402176.0,80.8
1864-12-01,2402206.0,78.4
1865-01-01,2402238.0,74.3
1865-02-01,2402268.0,70.7
1865-03-01,2402296.0,68.8
1865-04-01,2402328.0,66.9
1865-05-01,2402358.0,63.0
1865-06-01,2402388.0,59.1
1865-07-01,2402418.0,56.5
1865-08-01,2402450.0,55.1
1865-09-01,2402480.0,53.8
1865-10-01,2402510.0,51.7
1865-11-01,2402542.0,49.1
1865-12-01,2402572.0,46.0
1866-01-01,2402602.0,43.3
1866-02-01,2402634.0,39.9
1866-03-01,2402662.0,36.8
1866-04-01,2402692.0,35.4
1866-05-01,2402722.0,34.0
1866-06-01,2402754.0,31.9
1866-07-01,2402784.0,28.5
1866-08-01,2402814.0,23.0
1866-09-01,2402846.0,18.8
1866-10-01,2402876.0,16.6
1866-11-01,2402906.0,14.8
1866-12-01,2402936.0,12.8
1867-01-01,2402968.0,11.3
1867-02-01,2402998.0,10.3
1867-03-01,2403026.0,9.9
1867-04-01,2403058.0,10.0
1867-05-01,2403088.0,10.0
1867-06-01,2403118.0,11.9
1867-07-01,2403148.0,14.9
1867-08-01,2403180.0,17.0
1867-09-01,2403210.0,19.1
1867-10-01,2403240.0,22.4
1867-11-01,2403272.0,26.2
1867-12-01,2403302.0,29.8
1868-01-01,2403332.0,33.5
1868-02-01,2403364.0,37.1
1868-03-01,2403392.0,41.6
1868-04-01,2403424.0,47.3
1868-05-01,2403454.0,53.9
1868-06-01,2403484.0,60.0
1868-07-01,2403514.0,65.8
1868-08-01,2403546.0,72.1
1868-09-01,2403576.0,77.0
1868-10-01,2403606.0,79.1
1868-11-01,2403638.0,84.8
1868-12-01,2403668.0,95.5
1869-01-01,2403698.0,103.0
1869-02-01,2403730.0,108.2
1869-03-01,2403758.0,113.7
1869-04-01,2403788.0,115.9
1869-05-01,2403818.0,117.0
1869-06-01,2403850.0,120.9
1869-07-01,2403880.0,124.6
1869-08-01,2403910.0,129.5
1869-09-01,2403942.0,140.7
1869-10-01,2403972.0,156.2
1869-11-01,2404002.0,169.5
1869-12-01,2404032.0,176.4
1870-01-01,2404064.0,183.4
1870-02-01,2404094.0,193.6
1870-03-01,2404122.0,202.6
1870-04-01,2404154.0,212.5
1870-05-01,2404184.0,223.4
1870-06-01,2404214.0,230.0
1870-07-01,2404244.0,232.5
1870-08-01,2404276.0,234.0
1870-09-01,2404306.0,233.7
1870-10-01,2404336.0,232.9
1870-11-01,2404368.0,231.0
1870-12-01,2404398.0,225.8
1871-01-01,2404428.0,220.7
1871-02-01,2404460.0,215.6
1871-03-01,2404488.0,208.7
1871-04-01,2404518.0,200.8
1871-05-01,2404548.0,193.9
1871-06-01,2404580.0,188.2
1871-07-01,2404610.0,184.9
1871-08-01,2404640.0,183.9
1871-09-01,2404672.0,179.7
1871-10-01,2404702.0,171.8
1871-11-01,2404732.0,164.9
1871-12-01,2404762.0,163.6
1872-01-01,2404794.0,165.0
1872-02-01,2404824.0,164.0
1872-03-01,2404854.0,165.2
1872-04-01,2404884.0,168.5
1872-05-01,2404914.0,169.9
1872-06-01,2404946.0,169.9
1872-07-01,2404976.0,170.0
1872-08-01,2405006.0,169.6
1872-09-01,2405038.0,169.3
1872-10-01,2405068.0,168.2
1872-11-01,2405098.0,162.3
1872-12-01,2405128.0,153.6
1873-01-01,2405160.0,146.4
1873-02-01,2405190.0,142.0
1873-03-01,2405218.0,135.6
1873-04-01,2405250.0,127.1
1873-05-01,2405280.0,119.3
1873-06-01,2405310.0,112.9
1873-07-01,2405340.0,108.7
1873-08-01,2405372.0,103.9
1873-09-01,2405402.0,97.4
1873-10-01,2405432.0,90.7
1873-11-01,2405464.0,87.4
1873-12-01,2405494.0,86.7
1874-01-01,2405524.0,86.3
1874-02-01,2405556.0,85.9
1874-03-01,2405584.0,84.1
1874-04-01,2405614.0,81.9
1874-05-01,2405644.0,79.2
1874-06-01,2405676.0,75.9
1874-07-01,2405706.0,71.3
1874-08-01,2405736.0,65.2
1874-09-01,2405768.0,61.3
1874-10-01,2405798.0,60.2
1874-11-01,2405828.0,57.7
1874-12-01,2405858.0,54.4
1875-01-01,2405890.0,49.6
1875-02-01,2405920.0,42.5
1875-03-01,2405948.0,37.5
1875-04-01,2405980.0,34.2
1875-05-01,2406010.0,31.9
1875-06-01,2406040.0,29.8
1875-07-01,2406070.0,28.4
1875-08-01,2406102.0,27.9
1875-09-01,2406132.0,27.3
1875-10-01,2406162.0,25.2
1875-11-01,2406194.0,22.9
1875-12-01,2406224.0,20.9
1876-01-01,2406254.0,19.5
1876-02-01,2406286.0,19.3
1876-03-01,2406314.0,19.4
1876-04-01,2406346.0,20.1
1876-05-01,2406376.0,19.6
1876-06-01,2406406.0,19.0
1876-07-01,2406436.0,19.5
1876-08-01,2406468.0,19.8
1876-09-01,2406498.0,18.1
1876-10-01,2406528.0,17.7
1876-11-01,2406560.0,19.8
1876-12-01,2406590.0,21.8
1877-01-01,2406620.0,22.0
1877-02-01,2406652.0,21.2
1877-03-01,2406680.0,21.5
1877-04-01,2406710.0,21.4
1877-05-01,2406740.0,21.2
1877-06-01,2406772.0,21.1
1877-07-01,2406802.0,19.2
1877-08-01,2406832.0,17.6
1877-09-01,2406864.0,17.2
1877-10-01,2406894.0,15.8
1877-11-01,2406924.0,13.6
1877-12-01,2406954.0,12.0
1878-01-01,2406986.0,11.0
1878-02-01,2407016.0,10.2
1878-03-01,2407044.0,8.9
1878-04-01,2407076.0,7.8
1878-05-01,2407106.0,6.7
1878-06-01,2407136.0,5.9
1878-07-01,2407166.0,5.6
1878-08-01,2407198.0,5.0
1878-09-01,2407228.0,4.0
1878-10-01,2407258.0,3.9
1878-11-01,2407290.0,4.1
1878-12-01,2407320.0,3.7
1879-01-01,2407350.0,4.1
1879-02-01,2407382.0,5.4
1879-03-01,2407410.0,6.2
1879-04-01,2407440.0,7.0
1879-05-01,2407470.0,8.4
1879-06-01,2407502.0,9.5
1879-07-01,2407532.0,11.6
1879-08-01,2407562.0,15.1
1879-09-01,2407594.0,18.3
1879-10-01,2407624.0,20.5
1879-11-01,2407654.0,22.9
1879-12-01,2407684.0,26.4
1880-01-01,2407716.0,29.4
1880-02-01,2407746.0,33.0
1880-03-01,2407776.0,39.8
1880-04-01,2407806.0,46.1
1880-05-01,2407836.0,49.4
1880-06-01,2407868.0,52.2
1880-07-01,2407898.0,54.6
1880-08-01,2407928.0,57.3
1880-09-01,2407960.0,61.3
1880-10-01,2407990.0,65.8
1880-11-01,2408020.0,69.4
1880-12-01,2408050.0,72.6
1881-01-01,2408082.0,78.3
1881-02-01,2408112.0,82.8
1881-03-01,2408140.0,82.6
1881-04-01,2408172.0,83.2
1881-05-01,2408202.0,86.4
1881-06-01,2408232.0,89.3
1881-07-01,2408262.0,91.1
1881-08-01,2408294.0,92.8
1881-09-01,2408324.0,95.1
1881-10-01,2408354.0,99.2
1881-11-01,2408386.0,103.7
1881-12-01,2408416.0,104.1
1882-01-01,2408446.0,100.8
1882-02-01,2408478.0,97.4
1882-03-01,2408506.0,96.5
1882-04-01,2408536.0,96.4
1882-05-01,2408566.0,98.1
1882-06-01,2408598.0,99.8
1882-07-01,2408628.0,100.5
1882-08-01,2408658.0,100.0
1882-09-01,2408690.0,96.7
1882-10-01,2408720.0,94.1
1882-11-01,2408750.0,90.9
1882-12-01,2408780.0,90.8
1883-01-01,2408812.0,95.4
1883-02-01,2408842.0,98.2
1883-03-01,2408870.0,98.2
1883-04-01,2408902.0,99.6
1883-05-01,2408932.0,101.3
1883-06-01,2408962.0,103.7
1883-07-01,2408992.0,108.2
1883-08-01,2409024.0,113.1
1883-09-01,2409054.0,119.0
1883-10-01,2409084.0,121.7
1883-11-01,2409116.0,123.7
1883-12-01,2409146.0,124.4
1884-01-01,2409176.0,120.8
1884-02-01,2409208.0,119.5
1884-03-01,2409236.0,120.9
1884-04-01,2409268.0,119.0
1884-05-01,2409298.0,113.2
1884-06-01,2409328.0,107.8
1884-07-01,2409358.0,102.5
1884-08-01,2409390.0,98.0
1884-09-01,2409420.0,94.4
1884-10-01,2409450.0,90.3
1884-11-01,2409482.0,89.3
1884-12-01,2409512.0,92.0
1885-01-01,2409542.0,95.1
1885-02-01,2409574.0,95.7
1885-03-01,2409602.0,93.7
1885-04-01,2409632.0,91.6
1885-05-01,2409662.0,90.5
1885-06-01,2409694.0,88.4
1885-07-01,2409724.0,85.7
1885-08-01,2409754.0,81.6
1885-09-01,2409786.0,79.0
1885-10-01,2409816.0,78.7
1885-11-01,2409846.0,75.0
1885-12-01,2409876.0,68.2
1886-01-01,2409908.0,61.7
1886-02-01,2409938.0,56.9
1886-03-01,2409966.0,53.3
1886-04-01,2409998.0,50.0
1886-05-01,2410028.0,45.7
1886-06-01,2410058.0,43.0
1886-07-01,2410088.0,41.0
1886-08-01,2410120.0,38.8
1886-09-01,2410150.0,34.2
1886-10-01,2410180.0,28.0
1886-11-01,2410212.0,24.7
1886-12-01,2410242.0,23.1
1887-01-01,2410272.0,21.9
1887-02-01,2410304.0,21.7
1887-03-01,2410332.0,21.0
1887-04-01,2410362.0,19.9
1887-05-01,2410392.0,20.2
1887-06-01,2410424.0,21.2
1887-07-01,2410454.0,21.9
1887-08-01,2410484.0,21.7
1887-09-01,2410516.0,21.5
1887-10-01,2410546.0,21.6
1887-11-01,2410576.0,20.6
1887-12-01,2410606.0,19.1
1888-01-01,2410638.0,17.1
1888-02-01,2410668.0,14.4
1888-03-01,2410698.0,13.2
1888-04-01,2410728.0,13.0
1888-05-01,2410758.0,12.9
1888-06-01,2410790.0,12.2
1888-07-01,2410820.0,10.4
1888-08-01,2410850.0,9.7
1888-09-01,2410882.0,9.7
1888-10-01,2410912.0,9.5
1888-11-01,2410942.0,9.2
1888-12-01,2410972.0,8.8
1889-01-01,2411004.0,9.2
1889-02-01,2411034.0,10.9
1889-03-01,2411062.0,12.0
1889-04-01,2411094.0,11.8
1889-05-01,2411124.0,11.1
1889-06-01,2411154.0,10.4
1889-07-01,2411184.0,10.7
1889-08-01,2411216.0,10.5
1889-09-01,2411246.0,9.8
1889-10-01,2411276.0,9.5
1889-11-01,2411308.0,9.5
1889-12-01,2411338.0,9.3
1890-01-01,2411368.0,9.1
1890-02-01,2411400.0,8.4
1890-03-01,2411428.0,8.3
1890-04-01,2411458.0,9.7
1890-05-01,2411488.0,10.9
1890-06-01,2411520.0,11.7
1890-07-01,2411550.0,12.3
1890-08-01,2411580.0,14.4
1890-09-01,2411612.0,16.2
1890-10-01,2411642.0,17.9
1890-11-01,2411672.0,21.7
1890-12-01,2411702.0,27.5
1891-01-01,2411734.0,34.1
1891-02-01,2411764.0,39.0
1891-03-01,2411792.0,43.3
1891-04-01,2411824.0,48.7
1891-05-01,2411854.0,53.7
1891-06-01,2411884.0,57.7
1891-07-01,2411914.0,63.2
1891-08-01,2411946.0,70.8
1891-09-01,2411976.0,77.3
1891-10-01,2412006.0,83.5
1891-11-01,2412038.0,89.5
1891-12-01,2412068.0,94.2
1892-01-01,2412098.0,97.4
1892-02-01,2412130.0,103.3
1892-03-01,2412158.0,108.7
1892-04-01,2412190.0,110.6
1892-05-01,2412220.0,113.6
1892-06-01,2412250.0,118.4
1892-07-01,2412280.0,122.0
1892-08-01,2412312.0,122.2
1892-09-01,2412342.0,123.1
1892-10-01,2412372.0,125.5
1892-11-01,2412404.0,127.2
1892-12-01,2412434.0,128.5
1893-01-01,2412464.0,130.2
1893-02-01,2412496.0,133.0
1893-03-01,2412524.0,136.0
1893-04-01,2412554.0,137.7
1893-05-01,2412584.0,139.0
1893-06-01,2412616.0,140.8
1893-07-01,2412646.0,142.4
1893-08-01,2412676.0,143.8
1893-09-01,2412708.0,143.6
1893-10-01,2412738.0,142.3
1893-11-01,2412768.0,142.9
1893-12-01,2412798.0,144.7
1894-01-01,2412830.0,146.5
1894-02-01,2412860.0,143.7
1894-03-01,2412888.0,138.7
1894-04-01,2412920.0,137.6
1894-05-01,2412950.0,136.0
1894-06-01,2412980.0,132.4
1894-07-01,2413010.0,128.6
1894-08-01,2413042.0,126.0
1894-09-01,2413072.0,125.4
1894-10-01,2413102.0,125.7
1894-11-01,2413134.0,123.0
1894-12-01,2413164.0,118.8
1895-01-01,2413194.0,112.8
1895-02-01,2413226.0,108.7
1895-03-01,2413254.0,108.0
1895-04-01,2413284.0,106.9
1895-05-01,2413314.0,105.8
1895-06-01,2413346.0,105.9
1895-07-01,2413376.0,104.2
1895-08-01,2413406.0,101.2
1895-09-01,2413438.0,99.9
1895-10-01,2413468.0,96.9
1895-11-01,2413498.0,91.9
1895-12-01,2413528.0,87.5
1896-01-01,2413560.0,85.8
1896-02-01,2413590.0,82.7
1896-03-01,2413620.0,80.1
1896-04-01,2413650.0,77.6
1896-05-01,2413680.0,74.2
1896-06-01,2413712.0,71.7
1896-07-01,2413742.0,70.5
1896-08-01,2413772.0,69.4
1896-09-01,2413804.0,65.8
1896-10-01,2413834.0,63.4
1896-11-01,2413864.0,62.0
1896-12-01,2413894.0,58.8
1897-01-01,2413926.0,55.0
1897-02-01,2413956.0,53.4
1897-03-01,2413984.0,52.1
1897-04-01,2414016.0,50.2
1897-05-01,2414046.0,47.1
1897-06-01,2414076.0,44.4
1897-07-01,2414106.0,43.1
1897-08-01,2414138.0,42.8
1897-09-01,2414168.0,44.0
1897-10-01,2414198.0,43.5
1897-11-01,2414230.0,42.7
1897-12-01,2414260.0,43.9
1898-01-01,2414290.0,43.3
1898-02-01,2414322.0,42.7
1898-03-01,2414350.0,42.4
1898-04-01,2414380.0,42.9
1898-05-01,2414410.0,45.8
1898-06-01,2414442.0,46.0
1898-07-01,2414472.0,43.8
1898-08-01,2414502.0,41.2
1898-09-01,2414534.0,37.9
1898-10-01,2414564.0,36.4
1898-11-01,2414594.0,35.2
1898-12-01,2414624.0,33.8
1899-01-01,2414656.0,34.0
1899-02-01,2414686.0,32.3
1899-03-01,2414714.0,28.5
1899-04-01,2414746.0,25.2
1899-05-01,2414776.0,22.1
1899-06-01,2414806.0,20.3
1899-07-01,2414836.0,19.5
1899-08-01,2414868.0,19.1
1899-09-01,2414898.0,18.8
1899-10-01,2414928.0,18.2
1899-11-01,2414960.0,18.9
1899-12-01,2414990.0,18.8
1900-01-01,2415020.0,17.9
1900-02-01,2415052.0,17.6
1900-03-01,2415080.0,17.7
1900-04-01,2415110.0,17.7
1900-05-01,2415140.0,17.5
1900-06-01,2415172.0,16.5
1900-07-01,2415202.0,15.2
1900-08-01,2415232.0,13.7
1900-09-01,2415264.0,12.7
1900-10-01,2415294.0,11.3
1900-11-01,2415324.0,9.8
1900-12-01,2415354.0,9.0
1901-01-01,2415386.0,8.1
1901-02-01,2415416.0,7.3
1901-03-01,2415444.0,6.5
1901-04-01,2415476.0,5.4
1901-05-01,2415506.0,4.7
1901-06-01,2415536.0,4.6
1901-07-01,2415566.0,5.0
1901-08-01,2415598.0,5.2
1901-09-01,2415628.0,5.5
1901-10-01,2415658.0,6.1
1901-11-01,2415690.0,5.6
1901-12-01,2415720.0,4.8
1902-01-01,2415750.0,4.5
1902-02-01,2415782.0,4.6
1902-03-01,2415810.0,5.2
1902-04-01,2415840.0,6.5
1902-05-01,2415870.0,7.8
1902-06-01,2415902.0,8.4
1902-07-01,2415932.0,8.6
1902-08-01,2415962.0,10.0
1902-09-01,2415994.0,11.3
1902-10-01,2416024.0,13.1
1902-11-01,2416054.0,15.8
1902-12-01,2416084.0,17.6
1903-01-01,2416116.0,20.5
1903-02-01,2416146.0,24.2
1903-03-01,2416174.0,26.3
1903-04-01,2416206.0,28.1
1903-05-01,2416236.0,32.1
1903-06-01,2416266.0,37.6
1903-07-01,2416296.0,42.3
1903-08-01,2416328.0,44.4
1903-09-01,2416358.0,46.6
1903-10-01,2416388.0,49.4
1903-11-01,2416420.0,52.3
1903-12-01,2416450.0,55.8
1904-01-01,2416480.0,59.1
1904-02-01,2416512.0,62.7
1904-03-01,2416540.0,66.1
1904-04-01,2416572.0,68.5
1904-05-01,2416602.0,69.1
1904-06-01,2416632.0,69.3
1904-07-01,2416662.0,71.5
1904-08-01,2416694.0,77.4
1904-09-01,2416724.0,83.0
1904-10-01,2416754.0,84.1
1904-11-01,2416786.0,84.4
1904-12-01,2416816.0,85.5
1905-01-01,2416846.0,87.6
1905-02-01,2416878.0,89.1
1905-03-01,2416906.0,90.9
1905-04-01,2416936.0,94.4
1905-05-01,2416966.0,100.9
1905-06-01,2416998.0,105.7
1905-07-01,2417028.0,105.1
1905-08-01,2417058.0,100.7
1905-09-01,2417090.0,97.5
1905-10-01,2417120.0,99.1
1905-11-01,2417150.0,100.9
1905-12-01,2417180.0,102.6
1906-01-01,2417212.0,105.7
1906-02-01,2417242.0,107.1
1906-03-01,2417270.0,106.4
1906-04-01,2417302.0,102.2
1906-05-01,2417332.0,93.2
1906-06-01,2417362.0,89.1
1906-07-01,2417392.0,91.9
1906-08-01,2417424.0,99.4
1906-09-01,2417454.0,104.5
1906-10-01,2417484.0,104.0
1906-11-01,2417516.0,102.8
1906-12-01,2417546.0,100.2
1907-01-01,2417576.0,94.9
1907-02-01,2417608.0,91.6
1907-03-01,2417636.0,94.0
1907-04-01,2417666.0,99.4
1907-05-01,2417696.0,104.2
1907-06-01,2417728.0,104.6
1907-07-01,2417758.0,100.8
1907-08-01,2417788.0,93.1
1907-09-01,2417820.0,85.7
1907-10-01,2417850.0,83.8
1907-11-01,2417880.0,84.0
1907-12-01,2417910.0,84.4
1908-01-01,2417942.0,84.3
1908-02-01,2417972.0,86.1
1908-03-01,2418002.0,88.7
1908-04-01,2418032.0,86.6
1908-05-01,2418062.0,83.1
1908-06-01,2418094.0,81.5
1908-07-01,2418124.0,82.2
1908-08-01,2418154.0,84.3
1908-09-01,2418186.0,87.8
1908-10-01,2418216.0,88.6
1908-11-01,2418246.0,86.5
1908-12-01,2418276.0,84.4
1909-01-01,2418308.0,82.4
1909-02-01,2418338.0,77.4
1909-03-01,2418366.0,69.4
1909-04-01,2418398.0,67.9
1909-05-01,2418428.0,70.4
1909-06-01,2418458.0,72.1
1909-07-01,2418488.0,71.0
1909-08-01,2418520.0,67.9
1909-09-01,2418550.0,63.7
1909-10-01,2418580.0,58.9
1909-11-01,2418612.0,56.3
1909-12-01,2418642.0,54.6
1910-01-01,2418672.0,52.4
1910-02-01,2418704.0,50.1
1910-03-01,2418732.0,48.4
1910-04-01,2418762.0,46.2
1910-05-01,2418792.0,41.2
1910-06-01,2418824.0,34.4
1910-07-01,2418854.0,29.4
1910-08-01,2418884.0,26.2
1910-09-01,2418916.0,23.7
1910-10-01,2418946.0,23.3
1910-11-01,2418976.0,23.0
1910-12-01,2419006.0,21.4
1911-01-01,2419038.0,20.0
1911-02-01,2419068.0,18.7
1911-03-01,2419096.0,16.6
1911-04-01,2419128.0,12.6
1911-05-01,2419158.0,10.1
1911-06-01,2419188.0,9.8
1911-07-01,2419218.0,9.3
1911-08-01,2419250.0,8.5
1911-09-01,2419280.0,7.7
1911-10-01,2419310.0,6.6
1911-11-01,2419342.0,5.5
1911-12-01,2419372.0,5.3
1912-01-01,2419402.0,5.4
1912-02-01,2419434.0,5.1
1912-03-01,2419462.0,5.2
1912-04-01,2419494.0,5.7
1912-05-01,2419524.0,5.6
1912-06-01,2419554.0,5.7
1912-07-01,2419584.0,6.1
1912-08-01,2419616.0,6.5
1912-09-01,2419646.0,6.4
1912-10-01,2419676.0,5.8
1912-11-01,2419708.0,5.2
1912-12-01,2419738.0,4.7
1913-01-01,2419768.0,4.3
1913-02-01,2419800.0,4.2
1913-03-01,2419828.0,3.6
1913-04-01,2419858.0,2.9
1913-05-01,2419888.0,2.8
1913-06-01,2419920.0,2.6
1913-07-01,2419950.0,2.5
1913-08-01,2419980.0,2.5
1913-09-01,2420012.0,2.6
1913-10-01,2420042.0,4.0
1913-11-01,2420072.0,5.5
1913-12-01,2420102.0,6.6
1914-01-01,2420134.0,7.7
1914-02-01,2420164.0,8.5
1914-03-01,2420192.0,9.8
1914-04-01,2420224.0,10.9
1914-05-01,2420254.0,12.4
1914-06-01,2420284.0,14.8
1914-07-01,2420314.0,17.5
1914-08-01,2420346.0,21.6
1914-09-01,2420376.0,26.8
1914-10-01,2420406.0,31.0
1914-11-01,2420438.0,34.6
1914-12-01,2420468.0,40.5
1915-01-01,2420498.0,49.1
1915-02-01,2420530.0,58.0
1915-03-01,2420558.0,64.8
1915-04-01,2420588.0,70.5
1915-05-01,2420618.0,75.5
1915-06-01,2420650.0,78.1
1915-07-01,2420680.0,80.5
1915-08-01,2420710.0,83.0
1915-09-01,2420742.0,85.8
1915-10-01,2420772.0,89.9
1915-11-01,2420802.0,94.9
1915-12-01,2420832.0,97.7
1916-01-01,2420864.0,96.4
1916-02-01,2420894.0,92.7
1916-03-01,2420924.0,90.0
1916-04-01,2420954.0,89.5
1916-05-01,2420984.0,91.0
1916-06-01,2421016.0,93.9
1916-07-01,2421046.0,97.2
1916-08-01,2421076.0,100.4
1916-09-01,2421108.0,103.4
1916-10-01,2421138.0,105.6
1916-11-01,2421168.0,108.5
1916-12-01,2421198.0,114.6
1917-01-01,2421230.0,122.4
1917-02-01,2421260.0,135.3
1917-03-01,2421288.0,149.5
1917-04-01,2421320.0,156.8
1917-05-01,2421350.0,160.4
1917-06-01,2421380.0,167.9
1917-07-01,2421410.0,174.7
1917-08-01,2421442.0,175.7
1917-09-01,2421472.0,173.6
1917-10-01,2421502.0,172.5
1917-11-01,2421534.0,170.3
1917-12-01,2421564.0,163.8
1918-01-01,2421594.0,159.1
1918-02-01,2421626.0,154.6
1918-03-01,2421654.0,147.5
1918-04-01,2421684.0,145.0
1918-05-01,2421714.0,145.0
1918-06-01,2421746.0,139.2
1918-07-01,2421776.0,131.0
1918-08-01,2421806.0,128.6
1918-09-01,2421838.0,129.2
1918-10-01,2421868.0,126.9
1918-11-01,2421898.0,125.7
1918-12-01,2421928.0,130.0
1919-01-01,2421960.0,130.6
1919-02-01,2421990.0,125.4
1919-03-01,2422018.0,121.4
1919-04-01,2422050.0,117.4
1919-05-01,2422080.0,112.3
1919-06-01,2422110.0,107.7
1919-07-01,2422140.0,106.2
1919-08-01,2422172.0,104.6
1919-09-01,2422202.0,103.1
1919-10-01,2422232.0,100.8
1919-11-01,2422264.0,94.4
1919-12-01,2422294.0,85.6
1920-01-01,2422324.0,78.0
1920-02-01,2422356.0,71.9
1920-03-01,2422384.0,67.2
1920-04-01,2422416.0,65.7
1920-05-01,2422446.0,64.4
1920-06-01,2422476.0,63.1
1920-07-01,2422506.0,61.3
1920-08-01,2422538.0,58.2
1920-09-01,2422568.0,53.4
1920-10-01,2422598.0,51.6
1920-11-01,2422630.0,52.1
1920-12-01,2422660.0,51.0
1921-01-01,2422690.0,51.6
1921-02-01,2422722.0,52.9
1921-03-01,2422750.0,51.8
1921-04-01,2422780.0,48.3
1921-05-01,2422810.0,45.5
1921-06-01,2422842.0,44.2
1921-07-01,2422872.0,42.2
1921-08-01,2422902.0,40.7
1921-09-01,2422934.0,42.5
1921-10-01,2422964.0,42.9
1921-11-01,2422994.0,40.5
1921-12-01,2423024.0,37.6
1922-01-01,2423056.0,33.5
1922-02-01,2423086.0,30.2
1922-03-01,2423114.0,28.2
1922-04-01,2423146.0,26.4
1922-05-01,2423176.0,24.9
1922-06-01,2423206.0,24.0
1922-07-01,2423236.0,23.2
1922-08-01,2423268.0,21.0
1922-09-01,2423298.0,15.7
1922-10-01,2423328.0,11.8
1922-11-01,2423360.0,11.1
1922-12-01,2423390.0,11.0
1923-01-01,2423420.0,10.7
1923-02-01,2423452.0,9.8
1923-03-01,2423480.0,10.0
1923-04-01,2423510.0,10.9
1923-05-01,2423540.0,11.5
1923-06-01,2423572.0,10.7
1923-07-01,2423602.0,9.4
1923-08-01,2423632.0,9.4
1923-09-01,2423664.0,9.5
1923-10-01,2423694.0,9.8
1923-11-01,2423724.0,11.3
1923-12-01,2423754.0,13.6
1924-01-01,2423786.0,16.3
1924-02-01,2423816.0,19.3
1924-03-01,2423846.0,21.5
1924-04-01,2423876.0,23.3
1924-05-01,2423906.0,25.1
1924-06-01,2423938.0,26.9
1924-07-01,2423968.0,28.2
1924-08-01,2423998.0,29.8
1924-09-01,2424030.0,32.2
1924-10-01,2424060.0,34.7
1924-11-01,2424090.0,37.7
1924-12-01,2424120.0,40.8
1925-01-01,2424152.0,43.2
1925-02-01,2424182.0,45.2
1925-03-01,2424210.0,48.9
1925-04-01,2424242.0,54.4
1925-05-01,2424272.0,59.9
1925-06-01,2424302.0,68.2
1925-07-01,2424332.0,78.5
1925-08-01,2424364.0,86.3
1925-09-01,2424394.0,92.6
1925-10-01,2424424.0,96.2
1925-11-01,2424456.0,98.2
1925-12-01,2424486.0,101.4
1926-01-01,2424516.0,104.2
1926-02-01,2424548.0,106.8
1926-03-01,2424576.0,108.5
1926-04-01,2424606.0,108.7
1926-05-01,2424636.0,109.0
1926-06-01,2424668.0,107.8
1926-07-01,2424698.0,107.2
1926-08-01,2424728.0,109.4
1926-09-01,2424760.0,111.6
1926-10-01,2424790.0,115.9
1926-11-01,2424820.0,120.7
1926-12-01,2424850.0,120.8
1927-01-01,2424882.0,120.0
1927-02-01,2424912.0,119.6
1927-03-01,2424940.0,119.6
1927-04-01,2424972.0,119.5
1927-05-01,2425002.0,119.4
1927-06-01,2425032.0,117.5
1927-07-01,2425062.0,115.2
1927-08-01,2425094.0,114.0
1927-09-01,2425124.0,113.7
1927-10-01,2425154.0,113.9
1927-11-01,2425186.0,112.9
1927-12-01,2425216.0,115.0
1928-01-01,2425246.0,120.2
1928-02-01,2425278.0,125.3
1928-03-01,2425306.0,128.9
1928-04-01,2425338.0,130.2
1928-05-01,2425368.0,128.9
1928-06-01,2425398.0,128.7
1928-07-01,2425428.0,128.7
1928-08-01,2425460.0,126.9
1928-09-01,2425490.0,123.7
1928-10-01,2425520.0,119.4
1928-11-01,2425552.0,116.1
1928-12-01,2425582.0,113.5
1929-01-01,2425612.0,110.2
1929-02-01,2425644.0,107.0
1929-03-01,2425672.0,101.9
1929-04-01,2425702.0,97.5
1929-05-01,2425732.0,99.2
1929-06-01,2425764.0,104.7
1929-07-01,2425794.0,107.9
1929-08-01,2425824.0,106.7
1929-09-01,2425856.0,104.7
1929-10-01,2425886.0,102.7
1929-11-01,2425916.0,100.2
1929-12-01,2425946.0,95.7
1930-01-01,2425978.0,89.3
1930-02-01,2426008.0,83.2
1930-03-01,2426036.0,80.2
1930-04-01,2426068.0,78.6
1930-05-01,2426098.0,74.1
1930-06-01,2426128.0,65.2
1930-07-01,2426158.0,56.0
1930-08-01,2426190.0,52.0
1930-09-01,2426220.0,51.2
1930-10-01,2426250.0,50.4
1930-11-01,2426282.0,49.0
1930-12-01,2426312.0,47.2
1931-01-01,2426342.0,46.0
1931-02-01,2426374.0,44.9
1931-03-01,2426402.0,43.1
1931-04-01,2426432.0,40.5
1931-05-01,2426462.0,37.7
1931-06-01,2426494.0,35.9
1931-07-01,2426524.0,35.2
1931-08-01,2426554.0,32.8
1931-09-01,2426586.0,29.2
1931-10-01,2426616.0,26.5
1931-11-01,2426646.0,24.6
1931-12-01,2426676.0,24.7
1932-01-01,2426708.0,24.6
1932-02-01,2426738.0,23.6
1932-03-01,2426768.0,22.1
1932-04-01,2426798.0,21.0
1932-05-01,2426828.0,20.2
1932-06-01,2426860.0,19.0
1932-07-01,2426890.0,18.6
1932-08-01,2426920.0,19.4
1932-09-01,2426952.0,20.1
1932-10-01,2426982.0,19.5
1932-11-01,2427012.0,17.9
1932-12-01,2427042.0,15.7
1933-01-01,2427074.0,14.0
1933-02-01,2427104.0,13.1
1933-03-01,2427132.0,12.7
1933-04-01,2427164.0,12.4
1933-05-01,2427194.0,11.5
1933-06-01,2427224.0,10.2
1933-07-01,2427254.0,8.8
1933-08-01,2427286.0,7.2
1933-09-01,2427316.0,5.8
1933-10-01,2427346.0,6.0
1933-11-01,2427378.0,7.7
1933-12-01,2427408.0,9.0
1934-01-01,2427438.0,9.5
1934-02-01,2427470.0,10.5
1934-03-01,2427498.0,11.0
1934-04-01,2427528.0,11.1
1934-05-01,2427558.0,11.9
1934-06-01,2427590.0,13.5
1934-07-01,2427620.0,15.6
1934-08-01,2427650.0,17.5
1934-09-01,2427682.0,19.7
1934-10-01,2427712.0,21.1
1934-11-01,2427742.0,21.7
1934-12-01,2427772.0,24.9
1935-01-01,2427804.0,29.3
1935-02-01,2427834.0,32.6
1935-03-01,2427862.0,36.7
1935-04-01,2427894.0,42.7
1935-05-01,2427924.0,49.8
1935-06-01,2427954.0,56.9
1935-07-01,2427984.0,63.1
1935-08-01,2428016.0,69.9
1935-09-01,2428046.0,77.4
1935-10-01,2428076.0,85.5
1935-11-01,2428108.0,91.8
1935-12-01,2428138.0,95.3
1936-01-01,2428168.0,98.3
1936-02-01,2428200.0,103.5
1936-03-01,2428228.0,109.8
1936-04-01,2428260.0,114.7
1936-05-01,2428290.0,120.7
1936-06-01,2428320.0,128.6
1936-07-01,2428350.0,137.7
1936-08-01,2428382.0,146.3
1936-09-01,2428412.0,150.5
1936-10-01,2428442.0,153.4
1936-11-01,2428474.0,160.1
1936-12-01,2428504.0,168.6
1937-01-01,2428534.0,179.2
1937-02-01,2428566.0,189.2
1937-03-01,2428594.0,194.4
1937-04-01,2428624.0,198.6
1937-05-01,2428654.0,198.3
1937-06-01,2428686.0,193.0
1937-07-01,2428716.0,188.3
1937-08-01,2428746.0,185.2
1937-09-01,2428778.0,184.8
1937-10-01,2428808.0,184.4
1937-11-01,2428838.0,184.6
1937-12-01,2428868.0,183.0
1938-01-01,2428900.0,182.2
1938-02-01,2428930.0,182.1
1938-03-01,2428958.0,179.8
1938-04-01,2428990.0,177.2
1938-05-01,2429020.0,178.7
1938-06-01,2429050.0,182.3
1938-07-01,2429080.0,181.4
1938-08-01,2429112.0,177.2
1938-09-01,2429142.0,172.8
1938-10-01,2429172.0,171.8
1938-11-01,2429204.0,171.8
1938-12-01,2429234.0,171.4
1939-01-01,2429264.0,166.9
1939-02-01,2429296.0,161.5
1939-03-01,2429324.0,162.4
1939-04-01,2429354.0,163.3
1939-05-01,2429384.0,158.8
1939-06-01,2429416.0,151.5
1939-07-01,2429446.0,145.9
1939-08-01,2429476.0,142.6
1939-09-01,2429508.0,142.6
1939-10-01,2429538.0,140.6
1939-11-01,2429568.0,132.7
1939-12-01,2429598.0,127.1
1940-01-01,2429630.0,123.8
1940-02-01,2429660.0,121.7
1940-03-01,2429690.0,118.5
1940-04-01,2429720.0,113.0
1940-05-01,2429750.0,110.0
1940-06-01,2429782.0,111.1
1940-07-01,2429812.0,112.6
1940-08-01,2429842.0,111.3
1940-09-01,2429874.0,107.7
1940-10-01,2429904.0,103.2
1940-11-01,2429934.0,99.5
1940-12-01,2429964.0,96.1
1941-01-01,2429996.0,94.4
1941-02-01,2430026.0,91.2
1941-03-01,2430054.0,88.0
1941-04-01,2430086.0,87.3
1941-05-01,2430116.0,85.3
1941-06-01,2430146.0,81.6
1941-07-01,2430176.0,78.5
1941-08-01,2430208.0,78.3
1941-09-01,2430238.0,79.4
1941-10-01,2430268.0,81.9
1941-11-01,2430300.0,83.6
1941-12-01,2430330.0,79.9
1942-01-01,2430360.0,73.1
1942-02-01,2430392.0,67.0
1942-03-01,2430420.0,60.8
1942-04-01,2430450.0,55.5
1942-05-01,2430480.0,53.1
1942-06-01,2430512.0,51.8
1942-07-01,2430542.0,49.4
1942-08-01,2430572.0,46.2
1942-09-01,2430604.0,42.6
1942-10-01,2430634.0,38.4
1942-11-01,2430664.0,35.2
1942-12-01,2430694.0,34.2
1943-01-01,2430726.0,33.6
1943-02-01,2430756.0,33.2
1943-03-01,2430784.0,32.7
1943-04-01,2430816.0,31.4
1943-05-01,2430846.0,29.2
1943-06-01,2430876.0,27.5
1943-07-01,2430906.0,26.6
1943-08-01,2430938.0,24.0
1943-09-01,2430968.0,20.9
1943-10-01,2430998.0,18.0
1943-11-01,2431030.0,15.4
1943-12-01,2431060.0,14.4
1944-01-01,2431090.0,13.6
1944-02-01,2431122.0,12.9
1944-03-01,2431150.0,13.0
1944-04-01,2431182.0,13.9
1944-05-01,2431212.0,14.6
1944-06-01,2431242.0,15.3
1944-07-01,2431272.0,17.0
1944-08-01,2431304.0,18.9
1944-09-01,2431334.0,20.4
1944-10-01,2431364.0,23.4
1944-11-01,2431396.0,27.5
1944-12-01,2431426.0,31.7
1945-01-01,2431456.0,36.4
1945-02-01,2431488.0,39.7
1945-03-01,2431516.0,41.7
1945-04-01,2431546.0,46.8
1945-05-01,2431576.0,52.8
1945-06-01,2431608.0,55.2
1945-07-01,2431638.0,57.1
1945-08-01,2431668.0,64.3
1945-09-01,2431700.0,73.2
1945-10-01,2431730.0,80.1
1945-11-01,2431760.0,86.9
1945-12-01,2431790.0,93.2
1946-01-01,2431822.0,101.0
1946-02-01,2431852.0,111.7
1946-03-01,2431880.0,121.5
1946-04-01,2431912.0,128.0
1946-05-01,2431942.0,135.7
1946-06-01,2431972.0,147.7
1946-07-01,2432002.0,157.7
1946-08-01,2432034.0,163.1
1946-09-01,2432064.0,167.3
1946-10-01,2432094.0,173.3
1946-11-01,2432126.0,182.8
1946-12-01,2432156.0,193.4
1947-01-01,2432186.0,199.2
1947-02-01,2432218.0,204.1
1947-03-01,2432246.0,211.2
1947-04-01,2432276.0,217.2
1947-05-01,2432306.0,218.7
1947-06-01,2432338.0,216.1
1947-07-01,2432368.0,214.1
1947-08-01,2432398.0,210.9
1947-09-01,2432430.0,206.0
1947-10-01,2432460.0,206.3
1947-11-01,2432490.0,207.1
1947-12-01,2432520.0,205.7
1948-01-01,2432552.0,205.0
1948-02-01,2432582.0,202.3
1948-03-01,2432612.0,198.9
1948-04-01,2432642.0,195.7
1948-05-01,2432672.0,192.2
1948-06-01,2432704.0,191.6
1948-07-01,2432734.0,193.5
1948-08-01,2432764.0,199.8
1948-09-01,2432796.0,209.1
1948-10-01,2432826.0,210.3
1948-11-01,2432856.0,203.8
1948-12-01,2432886.0,197.1
1949-01-01,2432918.0,193.4
1949-02-01,2432948.0,190.4
1949-03-01,2432976.0,188.5
1949-04-01,2433008.0,188.4
1949-05-01,2433038.0,190.9
1949-06-01,2433068.0,192.5
1949-07-01,2433098.0,190.3
1949-08-01,2433130.0,184.1
1949-09-01,2433160.0,176.1
1949-10-01,2433190.0,171.4
1949-11-01,2433222.0,169.4
1949-12-01,2433252.0,167.1
1950-01-01,2433282.0,162.8
1950-02-01,2433314.0,158.5
1950-03-01,2433342.0,150.7
1950-04-01,2433372.0,141.0
1950-05-01,2433402.0,131.6
1950-06-01,2433434.0,122.6
1950-07-01,2433464.0,116.4
1950-08-01,2433494.0,111.9
1950-09-01,2433526.0,106.7
1950-10-01,2433556.0,102.3
1950-11-01,2433586.0,101.2
1950-12-01,2433616.0,102.4
1951-01-01,2433648.0,101.6
1951-02-01,2433678.0,98.5
1951-03-01,2433706.0,98.9
1951-04-01,2433738.0,100.2
1951-05-01,2433768.0,99.5
1951-06-01,2433798.0,98.9
1951-07-01,2433828.0,97.3
1951-08-01,2433860.0,94.0
1951-09-01,2433890.0,89.8
1951-10-01,2433920.0,84.0
1951-11-01,2433952.0,75.3
1951-12-01,2433982.0,66.5
1952-01-01,2434012.0,61.5
1952-02-01,2434044.0,59.8
1952-03-01,2434072.0,56.2
1952-04-01,2434104.0,51.4
1952-05-01,2434134.0,48.0
1952-06-01,2434164.0,45.5
1952-07-01,2434194.0,44.0
1952-08-01,2434226.0,42.1
1952-09-01,2434256.0,40.3
1952-10-01,2434286.0,39.5
1952-11-01,2434318.0,38.8
1952-12-01,2434348.0,37.3
1953-01-01,2434378.0,34.6
1953-02-01,2434410.0,31.0
1953-03-01,2434438.0,28.6
1953-04-01,2434468.0,27.2
1953-05-01,2434498.0,25.0
1953-06-01,2434530.0,22.0
1953-07-01,2434560.0,18.5
1953-08-01,2434590.0,16.7
1953-09-01,2434622.0,16.6
1953-10-01,2434652.0,15.1
1953-11-01,2434682.0,12.8
1953-12-01,2434712.0,10.8
1954-01-01,2434744.0,9.3
1954-02-01,2434774.0,8.2
1954-03-01,2434802.0,6.3
1954-04-01,2434834.0,5.1
1954-05-01,2434864.0,5.5
1954-06-01,2434894.0,6.3
1954-07-01,2434924.0,7.9
1954-08-01,2434956.0,10.5
1954-09-01,2434986.0,11.4
1954-10-01,2435016.0,11.6
1954-11-01,2435048.0,13.8
1954-12-01,2435078.0,17.4
1955-01-01,2435108.0,20.5
1955-02-01,2435140.0,23.7
1955-03-01,2435168.0,28.0
1955-04-01,2435198.0,33.5
1955-05-01,2435228.0,41.2
1955-06-01,2435260.0,50.0
1955-07-01,2435290.0,57.0
1955-08-01,2435320.0,66.0
1955-09-01,2435352.0,78.8
1955-10-01,2435382.0,91.3
1955-11-01,2435412.0,103.5
1955-12-01,2435442.0,114.8
1956-01-01,2435474.0,125.8
1956-02-01,2435504.0,139.4
1956-03-01,2435534.0,154.7
1956-04-01,2435564.0,168.1
1956-05-01,2435594.0,180.4
1956-06-01,2435626.0,193.9
1956-07-01,2435656.0,206.1
1956-08-01,2435686.0,211.8
1956-09-01,2435718.0,214.5
1956-10-01,2435748.0,220.6
1956-11-01,2435778.0,226.0
1956-12-01,2435808.0,232.7
1957-01-01,2435840.0,241.1
1957-02-01,2435870.0,243.8
1957-03-01,2435898.0,246.8
1957-04-01,2435930.0,256.3
1957-05-01,2435960.0,262.7
1957-06-01,2435990.0,266.1
1957-07-01,2436020.0,271.1
1957-08-01,2436052.0,275.3
1957-09-01,2436082.0,279.3
1957-10-01,2436112.0,282.5
1957-11-01,2436144.0,284.4
1957-12-01,2436174.0,283.3
1958-01-01,2436204.0,281.8
1958-02-01,2436236.0,284.5
1958-03-01,2436264.0,285.0
1958-04-01,2436294.0,278.7
1958-05-01,2436324.0,271.0
1958-06-01,2436356.0,264.5
1958-07-01,2436386.0,262.3
1958-08-01,2436416.0,261.9
1958-09-01,2436448.0,260.3
1958-10-01,2436478.0,258.1
1958-11-01,2436508.0,255.9
1958-12-01,2436538.0,255.6
1959-01-01,2436570.0,252.9
1959-02-01,2436600.0,250.4
1959-03-01,2436628.0,247.1
1959-04-01,2436660.0,239.7
1959-05-01,2436690.0,233.9
1959-06-01,2436720.0,228.5
1959-07-01,2436750.0,220.6
1959-08-01,2436782.0,214.2
1959-09-01,2436812.0,207.1
1959-10-01,2436842.0,199.7
1959-11-01,2436874.0,194.2
1959-12-01,2436904.0,187.6
1960-01-01,2436934.0,182.5
1960-02-01,2436966.0,177.0
1960-03-01,2436994.0,172.1
1960-04-01,2437026.0,169.4
1960-05-01,2437056.0,165.7
1960-06-01,2437086.0,161.3
1960-07-01,2437116.0,153.8
1960-08-01,2437148.0,145.0
1960-09-01,2437178.0,138.6
1960-10-01,2437208.0,132.1
1960-11-01,2437240.0,124.5
1960-12-01,2437270.0,118.5
1961-01-01,2437300.0,113.6
1961-02-01,2437332.0,105.9
1961-03-01,2437360.0,97.5
1961-04-01,2437390.0,91.1
1961-05-01,2437420.0,85.1
1961-06-01,2437452.0,79.1
1961-07-01,2437482.0,75.3
1961-08-01,2437512.0,74.4
1961-09-01,2437544.0,74.3
1961-10-01,2437574.0,73.0
1961-11-01,2437604.0,71.7
1961-12-01,2437634.0,69.1
1962-01-01,2437666.0,64.2
1962-02-01,2437696.0,59.4
1962-03-01,2437724.0,56.7
1962-04-01,2437756.0,56.1
1962-05-01,2437786.0,55.9
1962-06-01,2437816.0,54.6
1962-07-01,2437846.0,52.5
1962-08-01,2437878.0,49.8
1962-09-01,2437908.0,46.7
1962-10-01,2437938.0,44.0
1962-11-01,2437970.0,42.9
1962-12-01,2438000.0,42.6
1963-01-01,2438030.0,42.1
1963-02-01,2438062.0,42.6
1963-03-01,2438090.0,42.6
1963-04-01,2438120.0,41.6
1963-05-01,2438150.0,41.1
1963-06-01,2438182.0,40.4
1963-07-01,2438212.0,39.7
1963-08-01,2438242.0,39.0
1963-09-01,2438274.0,38.6
1963-10-01,2438304.0,37.4
1963-11-01,2438334.0,34.2
1963-12-01,2438364.0,30.7
1964-01-01,2438396.0,28.1
1964-02-01,2438426.0,25.7
1964-03-01,2438456.0,22.3
1964-04-01,2438486.0,18.6
1964-05-01,2438516.0,16.0
1964-06-01,2438548.0,15.0
1964-07-01,2438578.0,15.2
1964-08-01,2438608.0,15.1
1964-09-01,2438640.0,14.6
1964-10-01,2438670.0,14.3
1964-11-01,2438700.0,15.0
1964-12-01,2438730.0,16.2
1965-01-01,2438762.0,17.2
1965-02-01,2438792.0,17.7
1965-03-01,2438820.0,18.4
1965-04-01,2438852.0,19.9
1965-05-01,2438882.0,21.2
1965-06-01,2438912.0,21.8
1965-07-01,2438942.0,22.6
1965-08-01,2438974.0,23.8
1965-09-01,2439004.0,25.2
1965-10-01,2439034.0,28.4
1965-11-01,2439066.0,32.1
1965-12-01,2439096.0,35.2
1966-01-01,2439126.0,39.7
1966-02-01,2439158.0,44.8
1966-03-01,2439186.0,49.2
1966-04-01,2439216.0,53.3
1966-05-01,2439246.0,57.9
1966-06-01,2439278.0,63.4
1966-07-01,2439308.0,71.4
1966-08-01,2439338.0,80.3
1966-09-01,2439370.0,89.5
1966-10-01,2439400.0,95.8
1966-11-01,2439430.0,99.4
1966-12-01,2439460.0,103.0
1967-01-01,2439492.0,106.2
1967-02-01,2439522.0,111.6
1967-03-01,2439550.0,116.5
1967-04-01,2439582.0,119.8
1967-05-01,2439612.0,123.9
1967-06-01,2439642.0,129.4
1967-07-01,2439672.0,133.3
1967-08-01,2439704.0,135.0
1967-09-01,2439734.0,134.9
1967-10-01,2439764.0,134.5
1967-11-01,2439796.0,137.6
1967-12-01,2439826.0,142.5
1968-01-01,2439856.0,145.3
1968-02-01,2439888.0,145.7
1968-03-01,2439916.0,148.2
1968-04-01,2439948.0,151.8
1968-05-01,2439978.0,152.4
1968-06-01,2440008.0,150.9
1968-07-01,2440038.0,148.9
1968-08-01,2440070.0,148.4
1968-09-01,2440100.0,151.5
1968-10-01,2440130.0,155.5
1968-11-01,2440162.0,156.6
1968-12-01,2440192.0,156.0
1969-01-01,2440222.0,155.7
1969-02-01,2440254.0,155.1
1969-03-01,2440282.0,152.9
1969-04-01,2440312.0,150.7
1969-05-01,2440342.0,150.4
1969-06-01,2440374.0,150.1
1969-07-01,2440404.0,149.9
1969-08-01,2440434.0,150.7
1969-09-01,2440466.0,149.2
1969-10-01,2440496.0,147.4
1969-11-01,2440526.0,148.0
1969-12-01,2440556.0,148.5
1970-01-01,2440588.0,149.5
1970-02-01,2440618.0,150.1
1970-03-01,2440646.0,150.3
1970-04-01,2440678.0,150.3
1970-05-01,2440708.0,149.8
1970-06-01,2440738.0,149.1
1970-07-01,2440768.0,147.0
1970-08-01,2440800.0,143.0
1970-09-01,2440830.0,137.6
1970-10-01,2440860.0,132.9
1970-11-01,2440892.0,126.5
1970-12-01,2440922.0,119.0
1971-01-01,2440952.0,113.8
1971-02-01,2440984.0,110.1
1971-03-01,2441012.0,105.3
1971-04-01,2441042.0,100.4
1971-05-01,2441072.0,96.5
1971-06-01,2441104.0,94.5
1971-07-01,2441134.0,92.7
1971-08-01,2441164.0,91.5
1971-09-01,2441196.0,93.2
1971-10-01,2441226.0,93.8
1971-11-01,2441256.0,94.7
1971-12-01,2441286.0,98.3
1972-01-01,2441318.0,100.3
1972-02-01,2441348.0,100.9
1972-03-01,2441378.0,102.6
1972-04-01,2441408.0,104.0
1972-05-01,2441438.0,103.3
1972-06-01,2441470.0,99.9
1972-07-01,2441500.0,96.6
1972-08-01,2441530.0,92.9
1972-09-01,2441562.0,88.2
1972-10-01,2441592.0,85.9
1972-11-01,2441622.0,83.3
1972-12-01,2441652.0,78.2
1973-01-01,2441684.0,72.3
1973-02-01,2441714.0,66.1
1973-03-01,2441742.0,62.8
1973-04-01,2441774.0,60.8
1973-05-01,2441804.0,57.9
1973-06-01,2441834.0,55.6
1973-07-01,2441864.0,53.4
1973-08-01,2441896.0,51.4
1973-09-01,2441926.0,49.0
1973-10-01,2441956.0,46.6
1973-11-01,2441988.0,45.4
1973-12-01,2442018.0,45.0
1974-01-01,2442048.0,46.8
1974-02-01,2442080.0,49.1
1974-03-01,2442108.0,48.5
1974-04-01,2442138.0,48.3
1974-05-01,2442168.0,49.4
1974-06-01,2442200.0,49.3
1974-07-01,2442230.0,48.6
1974-08-01,2442260.0,47.3
1974-09-01,2442292.0,45.8
1974-10-01,2442322.0,43.2
1974-11-01,2442352.0,39.3
1974-12-01,2442382.0,36.1
1975-01-01,2442414.0,33.0
1975-02-01,2442444.0,31.8
1975-03-01,2442472.0,30.6
1975-04-01,2442504.0,26.8
1975-05-01,2442534.0,24.2
1975-06-01,2442564.0,23.2
1975-07-01,2442594.0,21.8
1975-08-01,2442626.0,20.7
1975-09-01,2442656.0,20.9
1975-10-01,2442686.0,22.3
1975-11-01,2442718.0,23.3
1975-12-01,2442748.0,23.6
1976-01-01,2442778.0,22.1
1976-02-01,2442810.0,19.2
1976-03-01,2442838.0,17.8
1976-04-01,2442870.0,18.4
1976-05-01,2442900.0,18.3
1976-06-01,2442930.0,17.9
1976-07-01,2442960.0,18.8
1976-08-01,2442992.0,20.5
1976-09-01,2443022.0,20.8
1976-10-01,2443052.0,19.7
1976-11-01,2443084.0,19.7
1976-12-01,2443114.0,21.6
1977-01-01,2443144.0,24.3
1977-02-01,2443176.0,26.3
1977-03-01,2443204.0,28.8
1977-04-01,2443234.0,31.9
1977-05-01,2443264.0,34.7
1977-06-01,2443296.0,37.7
1977-07-01,2443326.0,41.4
1977-08-01,2443356.0,47.6
1977-09-01,2443388.0,55.8
1977-10-01,2443418.0,64.8
1977-11-01,2443448.0,73.7
1977-12-01,2443478.0,80.7
1978-01-01,2443510.0,86.9
1978-02-01,2443540.0,91.5
1978-03-01,2443568.0,98.7
1978-04-01,2443600.0,109.0
1978-05-01,2443630.0,117.8
1978-06-01,2443660.0,126.6
1978-07-01,2443690.0,138.0
1978-08-01,2443722.0,147.3
1978-09-01,2443752.0,153.6
1978-10-01,2443782.0,157.3
1978-11-01,2443814.0,160.4
1978-12-01,2443844.0,166.7
1979-01-01,2443874.0,175.2
1979-02-01,2443906.0,185.4
1979-03-01,2443934.0,193.3
1979-04-01,2443964.0,199.9
1979-05-01,2443994.0,208.5
1979-06-01,2444026.0,216.7
1979-07-01,2444056.0,219.5
1979-08-01,2444086.0,220.1
1979-09-01,2444118.0,220.4
1979-10-01,2444148.0,223.4
1979-11-01,2444178.0,229.8
1979-12-01,2444208.0,232.9
1980-01-01,2444240.0,232.0
1980-02-01,2444270.0,230.2
1980-03-01,2444300.0,227.9
1980-04-01,2444330.0,224.6
1980-05-01,2444360.0,221.3
1980-06-01,2444392.0,219.1
1980-07-01,2444422.0,216.1
1980-08-01,2444452.0,212.0
1980-09-01,2444484.0,211.5
1980-10-01,2444514.0,211.9
1980-11-01,2444544.0,209.1
1980-12-01,2444574.0,202.8
1981-01-01,2444606.0,199.6
1981-02-01,2444636.0,202.2
1981-03-01,2444664.0,205.4
1981-04-01,2444696.0,205.7
1981-05-01,2444726.0,204.1
1981-06-01,2444756.0,200.9
1981-07-01,2444786.0,198.5
1981-08-01,2444818.0,199.9
1981-09-01,2444848.0,202.7
1981-10-01,2444878.0,201.4
1981-11-01,2444910.0,196.0
1981-12-01,2444940.0,194.1
1982-01-01,2444970.0,192.7
1982-02-01,2445002.0,186.6
1982-03-01,2445030.0,180.0
1982-04-01,2445060.0,173.4
1982-05-01,2445090.0,167.5
1982-06-01,2445122.0,164.0
1982-07-01,2445152.0,161.5
1982-08-01,2445182.0,153.5
1982-09-01,2445214.0,141.4
1982-10-01,2445244.0,133.3
1982-11-01,2445274.0,131.3
1982-12-01,2445304.0,130.5
1983-01-01,2445336.0,127.9
1983-02-01,2445366.0,123.9
1983-03-01,2445394.0,117.1
1983-04-01,2445426.0,110.5
1983-05-01,2445456.0,104.5
1983-06-01,2445486.0,95.9
1983-07-01,2445516.0,89.1
1983-08-01,2445548.0,88.9
1983-09-01,2445578.0,91.7
1983-10-01,2445608.0,92.0
1983-11-01,2445640.0,89.7
1983-12-01,2445670.0,85.5
1984-01-01,2445700.0,80.5
1984-02-01,2445732.0,75.8
1984-03-01,2445760.0,71.2
1984-04-01,2445792.0,66.8
1984-05-01,2445822.0,63.5
1984-06-01,2445852.0,61.7
1984-07-01,2445882.0,58.3
1984-08-01,2445914.0,52.2
1984-09-01,2445944.0,44.3
1984-10-01,2445974.0,37.2
1984-11-01,2446006.0,31.6
1984-12-01,2446036.0,27.4
1985-01-01,2446066.0,25.2
1985-02-01,2446098.0,23.5
1985-03-01,2446126.0,21.7
1985-04-01,2446156.0,21.3
1985-05-01,2446186.0,21.4
1985-06-01,2446218.0,20.8
1985-07-01,2446248.0,19.9
1985-08-01,2446278.0,19.6
1985-09-01,2446310.0,19.8
1985-10-01,2446340.0,19.7
1985-11-01,2446370.0,19.1
1985-12-01,2446400.0,17.3
1986-01-01,2446432.0,15.2
1986-02-01,2446462.0,14.3
1986-03-01,2446490.0,14.3
1986-04-01,2446522.0,15.1
1986-05-01,2446552.0,15.8
1986-06-01,2446582.0,15.2
1986-07-01,2446612.0,15.1
1986-08-01,2446644.0,14.4
1986-09-01,2446674.0,13.5
1986-10-01,2446704.0,14.7
1986-11-01,2446736.0,16.6
1986-12-01,2446766.0,18.3
1987-01-01,2446796.0,19.9
1987-02-01,2446828.0,22.3
1987-03-01,2446856.0,25.5
1987-04-01,2446886.0,28.0
1987-05-01,2446916.0,30.3
1987-06-01,2446948.0,32.7
1987-07-01,2446978.0,36.2
1987-08-01,2447008.0,40.5
1987-09-01,2447040.0,45.3
1987-10-01,2447070.0,51.0
1987-11-01,2447100.0,55.1
1987-12-01,2447130.0,60.9
1988-01-01,2447162.0,69.2
1988-02-01,2447192.0,76.9
1988-03-01,2447222.0,84.9
1988-04-01,2447252.0,93.0
1988-05-01,2447282.0,101.4
1988-06-01,2447314.0,114.3
1988-07-01,2447344.0,128.5
1988-08-01,2447374.0,141.1
1988-09-01,2447406.0,151.2
1988-10-01,2447436.0,156.9
1988-11-01,2447466.0,164.4
1988-12-01,2447496.0,176.1
1989-01-01,2447528.0,184.8
1989-02-01,2447558.0,190.7
1989-03-01,2447586.0,198.0
1989-04-01,2447618.0,203.8
1989-05-01,2447648.0,209.5
1989-06-01,2447678.0,212.1
1989-07-01,2447708.0,212.0
1989-08-01,2447740.0,211.1
1989-09-01,2447770.0,210.5
1989-10-01,2447800.0,212.4
1989-11-01,2447832.0,212.5
1989-12-01,2447862.0,206.2
1990-01-01,2447892.0,201.2
1990-02-01,2447924.0,202.4
1990-03-01,2447952.0,200.9
1990-04-01,2447982.0,198.1
1990-05-01,2448012.0,195.1
1990-06-01,2448044.0,192.0
1990-07-01,2448074.0,190.1
1990-08-01,2448104.0,191.6
1990-09-01,2448136.0,194.6
1990-10-01,2448166.0,195.2
1990-11-01,2448196.0,195.2
1990-12-01,2448226.0,197.8
1991-01-01,2448258.0,202.8
1991-02-01,2448288.0,204.4
1991-03-01,2448316.0,203.9
1991-04-01,2448348.0,203.8
1991-05-01,2448378.0,202.9
1991-06-01,2448408.0,202.8
1991-07-01,2448438.0,203.5
1991-08-01,2448470.0,203.3
1991-09-01,2448500.0,200.9
1991-10-01,2448530.0,196.7
1991-11-01,2448562.0,191.4
1991-12-01,2448592.0,183.1
1992-01-01,2448622.0,172.6
1992-02-01,2448654.0,161.1
1992-03-01,2448682.0,151.8
1992-04-01,2448714.0,146.0
1992-05-01,2448744.0,142.1
1992-06-01,2448774.0,137.1
1992-07-01,2448804.0,128.5
1992-08-01,2448836.0,119.3
1992-09-01,2448866.0,113.0
1992-10-01,2448896.0,109.0
1992-11-01,2448928.0,106.3
1992-12-01,2448958.0,104.5
1993-01-01,2448988.0,101.9
1993-02-01,2449020.0,99.3
1993-03-01,2449048.0,95.4
1993-04-01,2449078.0,90.2
1993-05-01,2449108.0,84.2
1993-06-01,2449140.0,78.6
1993-07-01,2449170.0,76.5
1993-08-01,2449200.0,73.6
1993-09-01,2449232.0,68.3
1993-10-01,2449262.0,63.2
1993-11-01,2449292.0,58.4
1993-12-01,2449322.0,55.1
1994-01-01,2449354.0,52.6
1994-02-01,2449384.0,50.2
1994-03-01,2449412.0,49.4
1994-04-01,2449444.0,49.6
1994-05-01,2449474.0,48.7
1994-06-01,2449504.0,46.4
1994-07-01,2449534.0,42.7
1994-08-01,2449566.0,40.1
1994-09-01,2449596.0,39.7
1994-10-01,2449626.0,39.4
1994-11-01,2449658.0,38.7
1994-12-01,2449688.0,37.6
1995-01-01,2449718.0,35.6
1995-02-01,2449750.0,33.7
1995-03-01,2449778.0,32.0
1995-04-01,2449808.0,29.4
1995-05-01,2449838.0,27.3
1995-06-01,2449870.0,25.9
1995-07-01,2449900.0,24.4
1995-08-01,2449930.0,22.0
1995-09-01,2449962.0,19.0
1995-10-01,2449992.0,17.0
1995-11-01,2450022.0,15.9
1995-12-01,2450052.0,15.1
1996-01-01,2450084.0,14.5
1996-02-01,2450114.0,14.2
1996-03-01,2450144.0,13.7
1996-04-01,2450174.0,12.0
1996-05-01,2450204.0,11.2
1996-06-01,2450236.0,11.6
1996-07-01,2450266.0,11.3
1996-08-01,2450296.0,11.2
1996-09-01,2450328.0,11.3
1996-10-01,2450358.0,12.0
1996-11-01,2450388.0,13.4
1996-12-01,2450418.0,14.3
1997-01-01,2450450.0,14.5
1997-02-01,2450480.0,15.2
1997-03-01,2450508.0,18.3
1997-04-01,2450540.0,22.0
1997-05-01,2450570.0,24.4
1997-06-01,2450600.0,27.2
1997-07-01,2450630.0,30.4
1997-08-01,2450662.0,33.6
1997-09-01,2450692.0,38.2
1997-10-01,2450722.0,43.1
1997-11-01,2450754.0,47.1
1997-12-01,2450784.0,52.0
1998-01-01,2450814.0,58.4
1998-02-01,2450846.0,65.4
1998-03-01,2450874.0,72.0
1998-04-01,2450904.0,76.9
1998-05-01,2450934.0,80.8
1998-06-01,2450966.0,85.4
1998-07-01,2450996.0,89.8
1998-08-01,2451026.0,93.5
1998-09-01,2451058.0,96.4
1998-10-01,2451088.0,98.2
1998-11-01,2451118.0,102.3
1998-12-01,2451148.0,110.4
1999-01-01,2451180.0,118.4
1999-02-01,2451210.0,122.5
1999-03-01,2451238.0,122.3
1999-04-01,2451270.0,125.0
1999-05-01,2451300.0,132.6
1999-06-01,2451330.0,136.3
1999-07-01,2451360.0,138.1
1999-08-01,2451392.0,142.9
1999-09-01,2451422.0,150.5
1999-10-01,2451452.0,159.3
1999-11-01,2451484.0,164.1
1999-12-01,2451514.0,164.0
2000-01-01,2451544.0,166.1
2000-02-01,2451576.0,170.6
2000-03-01,2451604.0,174.3
2000-04-01,2451636.0,175.2
2000-05-01,2451666.0,172.9
2000-06-01,2451696.0,172.7
2000-07-01,2451726.0,174.2
2000-08-01,2451758.0,172.8
2000-09-01,2451788.0,168.8
2000-10-01,2451818.0,165.3
2000-11-01,2451850.0,163.1
2000-12-01,2451880.0,162.7
2001-01-01,2451910.0,158.3
2001-02-01,2451942.0,152.5
2001-03-01,2451970.0,155.1
2001-04-01,2452000.0,160.7
2001-05-01,2452030.0,163.7
2001-06-01,2452062.0,167.4
2001-07-01,2452092.0,172.0
2001-08-01,2452122.0,175.8
2001-09-01,2452154.0,177.1
2001-10-01,2452184.0,177.3
2001-11-01,2452214.0,180.3
2001-12-01,2452244.0,179.1
2002-01-01,2452276.0,177.6
2002-02-01,2452306.0,179.7
2002-03-01,2452334.0,178.2
2002-04-01,2452366.0,174.4
2002-05-01,2452396.0,171.3
2002-06-01,2452426.0,166.9
2002-07-01,2452456.0,161.5
2002-08-01,2452488.0,155.4
2002-09-01,2452518.0,149.5
2002-10-01,2452548.0,143.9
2002-11-01,2452580.0,136.0
2002-12-01,2452610.0,131.4
2003-01-01,2452640.0,129.6
2003-02-01,2452672.0,125.7
2003-03-01,2452700.0,118.7
2003-04-01,2452730.0,111.9
2003-05-01,2452760.0,107.0
2003-06-01,2452792.0,101.7
2003-07-01,2452822.0,96.0
2003-08-01,2452852.0,92.9
2003-09-01,2452884.0,91.8
2003-10-01,2452914.0,89.1
2003-11-01,2452944.0,86.9
2003-12-01,2452974.0,84.1
2004-01-01,2453006.0,80.1
2004-02-01,2453036.0,76.4
2004-03-01,2453066.0,73.2
2004-04-01,2453096.0,71.0
2004-05-01,2453126.0,69.5
2004-06-01,2453158.0,67.1
2004-07-01,2453188.0,64.8
2004-08-01,2453218.0,63.0
2004-09-01,2453250.0,60.2
2004-10-01,2453280.0,57.9
2004-11-01,2453310.0,56.6
2004-12-01,2453340.0,55.7
2005-01-01,2453372.0,54.5
2005-02-01,2453402.0,53.2
2005-03-01,2453430.0,52.3
2005-04-01,2453462.0,49.3
2005-05-01,2453492.0,45.0
2005-06-01,2453522.0,44.5
2005-07-01,2453552.0,44.6
2005-08-01,2453584.0,41.9
2005-09-01,2453614.0,39.4
2005-10-01,2453644.0,38.9
2005-11-01,2453676.0,38.4
2005-12-01,2453706.0,36.0
2006-01-01,2453736.0,33.0
2006-02-01,2453768.0,29.7
2006-03-01,2453796.0,27.4
2006-04-01,2453826.0,27.0
2006-05-01,2453856.0,27.4
2006-06-01,2453888.0,26.2
2006-07-01,2453918.0,25.0
2006-08-01,2453948.0,25.9
2006-09-01,2453980.0,26.0
2006-10-01,2454010.0,23.7
2006-11-01,2454040.0,21.1
2006-12-01,2454070.0,20.2
2007-01-01,2454102.0,19.8
2007-02-01,2454132.0,19.0
2007-03-01,2454160.0,17.7
2007-04-01,2454192.0,16.4
2007-05-01,2454222.0,14.4
2007-06-01,2454252.0,12.8
2007-07-01,2454282.0,11.6
2007-08-01,2454314.0,9.9
2007-09-01,2454344.0,9.6
2007-10-01,2454374.0,9.9
2007-11-01,2454406.0,9.2
2007-12-01,2454436.0,7.9
2008-01-01,2454466.0,6.6
2008-02-01,2454498.0,5.6
2008-03-01,2454526.0,5.1
2008-04-01,2454558.0,5.1
2008-05-01,2454588.0,5.4
2008-06-01,2454618.0,4.8
2008-07-01,2454648.0,4.0
2008-08-01,2454680.0,3.8
2008-09-01,2454710.0,3.2
2008-10-01,2454740.0,2.4
2008-11-01,2454772.0,2.3
2008-12-01,2454802.0,2.2
2009-01-01,2454832.0,2.5
2009-02-01,2454864.0,2.7
2009-03-01,2454892.0,2.9
2009-04-01,2454922.0,3.3
2009-05-01,2454952.0,3.5
2009-06-01,2454984.0,4.1
2009-07-01,2455014.0,5.5
2009-08-01,2455044.0,7.4
2009-09-01,2455076.0,9.5
2009-10-01,2455106.0,10.9
2009-11-01,2455136.0,11.7
2009-12-01,2455166.0,12.7
2010-01-01,2455198.0,14.0
2010-02-01,2455228.0,16.1
2010-03-01,2455256.0,18.5
2010-04-01,2455288.0,20.8
2010-05-01,2455318.0,23.1
2010-06-01,2455348.0,24.6
2010-07-01,2455378.0,25.2
2010-08-01,2455410.0,26.4
2010-09-01,2455440.0,29.5
2010-10-01,2455470.0,34.5
2010-11-01,2455502.0,39.1
2010-12-01,2455532.0,42.5
2011-01-01,2455562.0,45.7
2011-02-01,2455594.0,48.8
2011-03-01,2455622.0,53.8
2011-04-01,2455652.0,61.1
2011-05-01,2455682.0,69.3
2011-06-01,2455714.0,77.2
2011-07-01,2455744.0,83.6
2011-08-01,2455774.0,86.3
2011-09-01,2455806.0,86.6
2011-10-01,2455836.0,87.4
2011-11-01,2455866.0,89.4
2011-12-01,2455896.0,92.5
2012-01-01,2455928.0,95.5
2012-02-01,2455958.0,98.1
2012-03-01,2455988.0,98.3
2012-04-01,2456018.0,95.1
2012-05-01,2456048.0,90.9
2012-06-01,2456080.0,86.6
2012-07-01,2456110.0,84.5
2012-08-01,2456140.0,85.1
2012-09-01,2456172.0,85.3
2012-10-01,2456202.0,85.8
2012-11-01,2456232.0,87.7
2012-12-01,2456262.0,88.1
2013-01-01,2456294.0,86.8
2013-02-01,2456324.0,86.1
2013-03-01,2456352.0,84.4
2013-04-01,2456384.0,84.3
2013-05-01,2456414.0,87.0
2013-06-01,2456444.0,90.9
2013-07-01,2456474.0,94.6
2013-08-01,2456506.0,99.0
2013-09-01,2456536.0,104.6
2013-10-01,2456566.0,107.0
2013-11-01,2456598.0,106.9
2013-12-01,2456628.0,107.6
2014-01-01,2456658.0,109.3
2014-02-01,2456690.0,110.5
2014-03-01,2456718.0,114.3
2014-04-01,2456748.0,116.4
2014-05-01,2456778.0,115.0
2014-06-01,2456810.0,114.1
2014-07-01,2456840.0,112.6
2014-08-01,2456870.0,108.3
2014-09-01,2456902.0,101.9
2014-10-01,2456932.0,97.3
2014-11-01,2456962.0,94.7
2014-12-01,2456992.0,92.2
2015-01-01,2457024.0,89.3
2015-02-01,2457054.0,86.1
2015-03-01,2457082.0,82.1
2015-04-01,2457114.0,78.9
2015-05-01,2457144.0,76.1
2015-06-01,2457174.0,72.1
2015-07-01,2457204.0,68.3
2015-08-01,2457236.0,66.4
2015-09-01,2457266.0,65.9
2015-10-01,2457296.0,64.3
2015-11-01,2457328.0,61.2
2015-12-01,2457358.0,57.8
2016-01-01,2457388.0,54.4
2016-02-01,2457420.0,52.5
2016-03-01,2457448.0,50.4
2016-04-01,2457480.0,47.8
2016-05-01,2457510.0,44.8
2016-06-01,2457540.0,41.5
2016-07-01,2457570.0,38.5
2016-08-01,2457602.0,36.0
2016-09-01,2457632.0,33.2
2016-10-01,2457662.0,31.5
2016-11-01,2457694.0,29.9
2016-12-01,2457724.0,28.5
2017-01-01,2457754.0,27.8
2017-02-01,2457786.0,26.5
2017-03-01,2457814.0,25.7
2017-04-01,2457844.0,24.8
2017-05-01,2457874.0,23.3
2017-06-01,2457906.0,22.2
2017-07-01,2457936.0,21.0
2017-08-01,2457966.0,19.6
2017-09-01,2457998.0,18.3
2017-10-01,2458028.0,16.7
2017-11-01,2458058.0,15.4
2017-12-01,2458088.0,15.1
2018-01-01,2458120.0,14.2
2018-02-01,2458150.0,12.6
2018-03-01,2458178.0,9.9
2018-04-01,2458210.0,7.8
2018-05-01,2458240.0,7.5
2018-06-01,2458270.0,7.2
2018-07-01,2458300.0,7.0
2018-08-01,2458332.0,6.7
2018-09-01,2458362.0,6.5
2018-10-01,2458392.0,6.8
2018-11-01,2458424.0,6.7
2018-12-01,2458454.0,6.0
2019-01-01,2458484.0,5.4
2019-02-01,2458516.0,5.0
2019-03-01,2458544.0,4.6
2019-04-01,2458574.0,4.3
2019-05-01,2458604.0,3.9
2019-06-01,2458636.0,3.7
2019-07-01,2458666.0,3.5
2019-08-01,2458696.0,3.4
2019-09-01,2458728.0,3.1
2019-10-01,2458758.0,2.6
2019-11-01,2458788.0,2.0
2019-12-01,2458818.0,1.8
2020-01-01,2458850.0,2.2
2020-02-01,2458880.0,2.7
2020-03-01,2458910.0,3.0
2020-04-01,2458940.0,3.6
2020-05-01,2458970.0,5.5
2020-06-01,2459002.0,7.8

